Accession	file_type	CellularContext	Exp_Accession	set	type	TF	peak_type
ENCFF990VCP	bam	HepG2	ENCSR291GJU	trainData	ATAC	NA	NA
ENCFF624SON	bam	HepG2	ENCSR291GJU	trainData	ATAC	NA	NA
ENCFF926KFU	bam	HepG2	ENCSR291GJU	trainData	ATAC	NA	NA
ENCFF239RGZ	bam	HepG2	ENCSR042AWH	trainData	ATAC	NA	NA
ENCFF394BBD	bam	HepG2	ENCSR042AWH	trainData	ATAC	NA	NA
ENCFF512VEZ	bam	K562	ENCSR483RKN	trainData	ATAC	NA	NA
ENCFF987XOV	bam	K562	ENCSR483RKN	trainData	ATAC	NA	NA
ENCFF445RUW	bam	K562	ENCSR956DNB	trainData	ATAC	NA	NA
ENCFF778GYX	bam	K562	ENCSR956DNB	trainData	ATAC	NA	NA
ENCFF557RSA	bam	K562	ENCSR859USB	trainData	ATAC	NA	NA
ENCFF852RRY	bam	K562	ENCSR859USB	trainData	ATAC	NA	NA
ENCFF128WZG	bam	K562	ENCSR868FGK	trainData	ATAC	NA	NA
ENCFF534DCE	bam	K562	ENCSR868FGK	trainData	ATAC	NA	NA
ENCFF077FBI	bam	K562	ENCSR868FGK	trainData	ATAC	NA	NA
NA	NA	HeLa-S3	GSM4764093	trainData	ATAC	NA	NA
ENCFF607OSL	bam	MCF-7	ENCSR422SUG	trainData	ATAC	NA	NA
ENCFF772EFK	bam	MCF-7	ENCSR422SUG	trainData	ATAC	NA	NA
ENCFF962FMH	bam	GM12878	ENCSR637XSC	trainData	ATAC	NA	NA
ENCFF981FXV	bam	GM12878	ENCSR637XSC	trainData	ATAC	NA	NA
ENCFF440GRZ	bam	GM12878	ENCSR637XSC	trainData	ATAC	NA	NA
ENCFF415FEC	bam	GM12878	ENCSR095QNB	trainData	ATAC	NA	NA
ENCFF646NWY	bam	GM12878	ENCSR095QNB	trainData	ATAC	NA	NA
NA	NA	Jurkat	GSM3693103	testData	ATAC	NA	NA
NA	NA	H1	GSM2584741	testData	ATAC	NA	NA
ENCFF574DLO	bam	HepG2	ENCSR282ZLP	trainData	NA	JUND	NA
ENCFF363YHY	bam	HepG2	ENCSR282ZLP	trainData	NA	JUND	NA
ENCFF154ZSJ	bam	HepG2	ENCSR767NGL	trainData	NA	FOSL1	NA
ENCFF689QGQ	bam	HepG2	ENCSR767NGL	trainData	NA	FOSL1	NA
ENCFF873BTF	bam	HepG2	ENCSR516SMM	trainData	NA	SRF	NA
ENCFF577LLU	bam	HepG2	ENCSR516SMM	trainData	NA	SRF	NA
ENCFF428YJS	bam	K562	ENCSR158LJN	trainData	NA	MAX	NA
ENCFF870SUX	bam	K562	ENCSR158LJN	trainData	NA	MAX	NA
ENCFF805GIT	bam	HepG2	ENCSR268XPQ	trainData	NA	TCF12	NA
ENCFF888NLH	bam	HepG2	ENCSR268XPQ	trainData	NA	TCF12	NA
ENCFF217UCM	bam	K562	ENCSR817FMN	trainData	NA	TEAD4	NA
ENCFF919CDT	bam	K562	ENCSR817FMN	trainData	NA	TEAD4	NA
ENCFF383SWQ	bam	HepG2	ENCSR321VGW	trainData	NA	ELF1	NA
ENCFF576IMM	bam	HepG2	ENCSR321VGW	trainData	NA	ELF1	NA
ENCFF942JPJ	bam	HepG2	ENCSR800JRG	trainData	NA	TEAD4	NA
ENCFF005QQU	bam	HepG2	ENCSR800JRG	trainData	NA	TEAD4	NA
ENCFF587GXH	bam	HepG2	ENCSR416HDG	trainData	NA	RXRA	NA
ENCFF935LNK	bam	HepG2	ENCSR416HDG	trainData	NA	RXRA	NA
ENCFF021FFV	bam	HepG2	ENCSR460YAM	trainData	NA	SP1	NA
ENCFF839JDE	bam	HepG2	ENCSR460YAM	trainData	NA	SP1	NA
ENCFF163KDZ	bam	K562	ENCSR578KEN	trainData	NA	USF2	NA
ENCFF004PZH	bam	K562	ENCSR578KEN	trainData	NA	USF2	NA
ENCFF718OLQ	bam	K562	ENCSR000EHH	trainData	NA	NRF1	NA
ENCFF174DVW	bam	K562	ENCSR000EHH	trainData	NA	NRF1	NA
ENCFF068OHT	bam	HeLa-S3	ENCSR000ECN	trainData	NA	MAX	NA
ENCFF316CCZ	bam	HeLa-S3	ENCSR000ECN	trainData	NA	MAX	NA
ENCFF431VWS	bam	K562	ENCSR000BNE	trainData	NA	EGR1	NA
ENCFF733LWW	bam	K562	ENCSR000BNE	trainData	NA	EGR1	NA
ENCFF215PCK	bam	HepG2	ENCSR000BOU	trainData	NA	SP2	NA
ENCFF392BNL	bam	HepG2	ENCSR000BOU	trainData	NA	SP2	NA
ENCFF391WND	bam	MCF-7	ENCSR000BSP	trainData	NA	REST	NA
ENCFF608QXK	bam	MCF-7	ENCSR000BSP	trainData	NA	REST	NA
ENCFF833GZY	bam	GM12878	ENCSR000EUK	trainData	NA	ZNF274	NA
ENCFF787PWA	bam	HepG2	ENCSR000EEF	trainData	NA	USF2	NA
ENCFF800WEH	bam	HepG2	ENCSR000EEF	trainData	NA	USF2	NA
ENCFF836KET	bam	K562	ENCSR054JMQ	trainData	NA	REST	NA
ENCFF505TWV	bam	K562	ENCSR054JMQ	trainData	NA	REST	NA
ENCFF480BHZ	bam	HepG2	ENCSR000BMZ	trainData	NA	ELF1	NA
ENCFF798COW	bam	HepG2	ENCSR000BMZ	trainData	NA	ELF1	NA
ENCFF300RQU	bam	HepG2	ENCSR000EEI	trainData	NA	JUND	NA
ENCFF381KIQ	bam	HepG2	ENCSR000EEI	trainData	NA	JUND	NA
ENCFF871IQR	bam	HepG2	ENCSR000BOT	trainData	NA	REST	NA
ENCFF111DXX	bam	HepG2	ENCSR000BOT	trainData	NA	REST	NA
ENCFF941VAW	bam	K562	ENCSR000EFV	trainData	NA	MAX	NA
ENCFF905GDE	bam	K562	ENCSR000EFV	trainData	NA	MAX	NA
ENCFF882SVL	bam	K562	ENCSR744CXJ	trainData	NA	ELF1	NA
ENCFF075UUM	bam	K562	ENCSR744CXJ	trainData	NA	ELF1	NA
ENCFF002WEO	bam	HepG2	ENCSR000BVL	trainData	NA	CREB1	NA
ENCFF178TJG	bam	HepG2	ENCSR000BVL	trainData	NA	CREB1	NA
ENCFF903YPL	bam	HepG2	ENCSR784BVD	trainData	NA	MYC	NA
ENCFF729BUH	bam	HepG2	ENCSR784BVD	trainData	NA	MYC	NA
ENCFF230UAD	bam	GM12878	ENCSR000BGZ	trainData	NA	TCF12	NA
ENCFF361TMF	bam	GM12878	ENCSR000BGZ	trainData	NA	TCF12	NA
ENCFF470EXQ	bam	HeLa-S3	ENCSR000BHS	trainData	NA	GABPA	NA
ENCFF839VVY	bam	HeLa-S3	ENCSR000BHS	trainData	NA	GABPA	NA
ENCFF795IJY	bam	K562	ENCSR000BGX	trainData	NA	SIX5	NA
ENCFF926QCW	bam	K562	ENCSR000BGX	trainData	NA	SIX5	NA
ENCFF860IZB	bam	K562	ENCSR000EHE	trainData	NA	CEBPB	NA
ENCFF665VJA	bam	K562	ENCSR000EHE	trainData	NA	CEBPB	NA
ENCFF008WTO	bam	HepG2	ENCSR000EDS	trainData	NA	MAX	NA
ENCFF881DZX	bam	HepG2	ENCSR000EDS	trainData	NA	MAX	NA
ENCFF621SYN	bam	K562	ENCSR000BSO	trainData	NA	CREB1	NA
ENCFF226CAN	bam	K562	ENCSR000BSO	trainData	NA	CREB1	NA
ENCFF809XSA	bam	MCF-7	ENCSR000BSS	trainData	NA	ELF1	NA
ENCFF679QMP	bam	MCF-7	ENCSR000BSS	trainData	NA	ELF1	NA
ENCFF356DMQ	bam	GM12878	ENCSR000BKA	trainData	NA	ETS1	NA
ENCFF849IMG	bam	GM12878	ENCSR000BKA	trainData	NA	ETS1	NA
ENCFF660KUX	bam	HeLa-S3	ENCSR000ECU	trainData	NA	MXI1	NA
ENCFF014ZVM	bam	HeLa-S3	ENCSR000ECU	trainData	NA	MXI1	NA
ENCFF309PEQ	bam	GM12878	ENCSR000DZZ	trainData	NA	TBP	NA
ENCFF953XVQ	bam	GM12878	ENCSR000DZZ	trainData	NA	TBP	NA
ENCFF061JYJ	bam	HeLa-S3	ENCSR000EVG	trainData	NA	ZNF274	NA
ENCFF265LPP	bam	HeLa-S3	ENCSR000EVG	trainData	NA	ZNF274	NA
ENCFF272PDS	bam	K562	ENCSR502OEK	trainData	NA	ELF1	NA
ENCFF516YYB	bam	K562	ENCSR502OEK	trainData	NA	ELF1	NA
ENCFF887ZNY	bam	GM12878	ENCSR000BQS	trainData	NA	REST	NA
ENCFF213EBE	bam	GM12878	ENCSR000BQS	trainData	NA	REST	NA
ENCFF781HEB	bam	MCF-7	ENCSR000DMQ	trainData	NA	MYC	NA
ENCFF269WQR	bam	MCF-7	ENCSR000DMQ	trainData	NA	MYC	NA
ENCFF240GDV	bam	HeLa-S3	ENCSR000ECX	trainData	NA	RFX5	NA
ENCFF388BNU	bam	HeLa-S3	ENCSR000ECX	trainData	NA	RFX5	NA
ENCFF853ZQG	bam	HeLa-S3	ENCSR000ECW	trainData	NA	USF2	NA
ENCFF576JZU	bam	HeLa-S3	ENCSR000ECW	trainData	NA	USF2	NA
ENCFF116CTI	bam	K562	ENCSR137ZMQ	trainData	NA	REST	NA
ENCFF778MNM	bam	K562	ENCSR137ZMQ	trainData	NA	REST	NA
ENCFF869GAT	bam	GM12878	ENCSR681NOM	trainData	NA	CEBPB	NA
ENCFF168ITH	bam	GM12878	ENCSR681NOM	trainData	NA	CEBPB	NA
ENCFF920SPT	bam	GM12878	ENCSR961PPA	trainData	NA	ATF2	NA
ENCFF956ZQI	bam	GM12878	ENCSR961PPA	trainData	NA	ATF2	NA
ENCFF612KEK	bam	HepG2	ENCSR331ORD	trainData	NA	CREB1	NA
ENCFF204CZP	bam	HepG2	ENCSR331ORD	trainData	NA	CREB1	NA
ENCFF394HHH	bam	MCF-7	ENCSR897JAS	trainData	NA	CREB1	NA
ENCFF579SWN	bam	MCF-7	ENCSR897JAS	trainData	NA	CREB1	NA
ENCFF629RNF	bam	HepG2	ENCSR112ALD	trainData	NA	CREB1	NA
ENCFF906EDB	bam	HepG2	ENCSR112ALD	trainData	NA	CREB1	NA
ENCFF593CDF	bam	K562	ENCSR028UIU	trainData	NA	ATF3	NA
ENCFF316FLH	bam	K562	ENCSR028UIU	trainData	NA	ATF3	NA
ENCFF105TAP	bam	MCF-7	ENCSR924TVL	trainData	NA	RFX5	NA
ENCFF252WBZ	bam	MCF-7	ENCSR924TVL	trainData	NA	RFX5	NA
ENCFF844ZNZ	bam	K562	ENCSR494TDU	trainData	NA	NRF1	NA
ENCFF202QRB	bam	K562	ENCSR494TDU	trainData	NA	NRF1	NA
ENCFF600FDY	bam	K562	ENCSR991ELG	trainData	NA	SP1	NA
ENCFF948YCQ	bam	K562	ENCSR991ELG	trainData	NA	SP1	NA
ENCFF205VVX	bam	K562	ENCSR744WOO	trainData	NA	TCF12	NA
ENCFF762OJZ	bam	K562	ENCSR744WOO	trainData	NA	TCF12	NA
ENCFF682TSV	bam	HepG2	ENCSR853ADA	trainData	NA	NRF1	NA
ENCFF290MVQ	bam	HepG2	ENCSR853ADA	trainData	NA	NRF1	NA
ENCFF565TYF	bam	K562	ENCSR290MUH	trainData	NA	GABPA	NA
ENCFF201FAY	bam	K562	ENCSR290MUH	trainData	NA	GABPA	NA
ENCFF613TYI	bam	K562	ENCSR416QLJ	trainData	NA	CEBPB	NA
ENCFF512OPB	bam	K562	ENCSR416QLJ	trainData	NA	CEBPB	NA
ENCFF507IFT	bam	HepG2	ENCSR334KIQ	trainData	NA	SP1	NA
ENCFF114IVY	bam	HepG2	ENCSR334KIQ	trainData	NA	SP1	NA
ENCFF473LGV	bam	MCF-7	ENCSR038RXU	trainData	NA	GABPA	NA
ENCFF081BRT	bam	MCF-7	ENCSR038RXU	trainData	NA	GABPA	NA
ENCFF967QUZ	bam	K562	ENCSR740NPG	trainData	NA	BACH1	NA
ENCFF607UMN	bam	K562	ENCSR740NPG	trainData	NA	BACH1	NA
ENCFF211TLP	bam	HepG2	ENCSR000BJK	trainData	NA	GABPA	NA
ENCFF517SWL	bam	HepG2	ENCSR000BJK	trainData	NA	GABPA	NA
ENCFF407HII	bam	K562	ENCSR000BNU	trainData	NA	ATF3	NA
ENCFF192OYM	bam	K562	ENCSR000BNU	trainData	NA	ATF3	NA
ENCFF299IRE	bam	K562	ENCSR000BMW	trainData	NA	REST	NA
ENCFF827CFB	bam	K562	ENCSR000BMW	trainData	NA	REST	NA
ENCFF926BHV	bam	MCF-7	ENCSR135ANT	trainData	NA	NRF1	NA
ENCFF998VHL	bam	MCF-7	ENCSR135ANT	trainData	NA	NRF1	NA
ENCFF896KDF	bam	MCF-7	ENCSR000DMJ	trainData	NA	MYC	NA
ENCFF354NBY	bam	MCF-7	ENCSR000DMJ	trainData	NA	MYC	NA
ENCFF785PPX	bam	K562	ENCSR000EWE	trainData	NA	ZNF274	NA
ENCFF521WGD	bam	K562	ENCSR000EWE	trainData	NA	ZNF274	NA
ENCFF526PJI	bam	K562	ENCSR000EHG	trainData	NA	USF2	NA
ENCFF332TRZ	bam	K562	ENCSR000EHG	trainData	NA	USF2	NA
ENCFF456EJZ	bam	GM12878	ENCSR000DZF	trainData	NA	MAX	NA
ENCFF883PZJ	bam	GM12878	ENCSR000DZF	trainData	NA	MAX	NA
ENCFF939BJG	bam	HeLa-S3	ENCSR000EDD	trainData	NA	TBP	NA
ENCFF167QWB	bam	HeLa-S3	ENCSR000EDD	trainData	NA	TBP	NA
ENCFF838XHB	bam	HepG2	ENCSR000EDU	trainData	NA	MXI1	NA
ENCFF126ZPH	bam	HepG2	ENCSR000EDU	trainData	NA	MXI1	NA
ENCFF153QSO	bam	HepG2	ENCSR000EDU	trainData	NA	MXI1	NA
ENCFF709XZV	bam	HepG2	ENCSR000BJL	trainData	NA	REST	NA
ENCFF281XTY	bam	HepG2	ENCSR000BJL	trainData	NA	REST	NA
ENCFF969JFI	bam	K562	ENCSR000EVX	trainData	NA	ZNF274	NA
ENCFF335QMI	bam	K562	ENCSR000EVX	trainData	NA	ZNF274	NA
ENCFF758OHA	bam	MCF-7	ENCSR000BSR	trainData	NA	CEBPB	NA
ENCFF341SFE	bam	MCF-7	ENCSR000BSR	trainData	NA	CEBPB	NA
ENCFF683VBW	bam	HepG2	ENCSR000EEK	trainData	NA	JUN	NA
ENCFF025JIA	bam	HepG2	ENCSR000EEK	trainData	NA	JUN	NA
ENCFF248FYP	bam	MCF-7	ENCSR000DMM	trainData	NA	MYC	NA
ENCFF899ZPZ	bam	MCF-7	ENCSR000DMM	trainData	NA	MYC	NA
ENCFF858BFB	bam	HeLa-S3	ENCSR000EDJ	trainData	NA	NRF1	NA
ENCFF812QYQ	bam	HeLa-S3	ENCSR000EDJ	trainData	NA	NRF1	NA
ENCFF790FNR	bam	GM12878	ENCSR000DZI	trainData	NA	MXI1	NA
ENCFF499EUU	bam	GM12878	ENCSR000DZI	trainData	NA	MXI1	NA
ENCFF242MKA	bam	K562	ENCSR000BLK	trainData	NA	SRF	NA
ENCFF934DAB	bam	K562	ENCSR000BLK	trainData	NA	SRF	NA
ENCFF315AUW	bam	HepG2	ENCSR000DLR	trainData	NA	MYC	NA
ENCFF987GJQ	bam	HepG2	ENCSR000DLR	trainData	NA	MYC	NA
ENCFF439SHL	bam	HepG2	ENCSR000DLR	trainData	NA	MYC	NA
ENCFF524LJC	bam	K562	ENCSR000FAE	trainData	NA	MAX	NA
ENCFF592IGI	bam	K562	ENCSR000FAE	trainData	NA	MAX	NA
ENCFF178HMW	bam	MCF-7	ENCSR000BUX	trainData	NA	EGR1	NA
ENCFF491VEP	bam	MCF-7	ENCSR000BUX	trainData	NA	EGR1	NA
ENCFF175YWG	bam	GM12878	ENCSR000BMI	trainData	NA	SRF	NA
ENCFF335DZU	bam	GM12878	ENCSR000BMI	trainData	NA	SRF	NA
ENCFF595CXI	bam	K562	ENCSR000BRK	trainData	NA	TEAD4	NA
ENCFF069RIW	bam	K562	ENCSR000BRK	trainData	NA	TEAD4	NA
ENCFF108DXA	bam	GM12878	ENCSR000BUF	trainData	NA	CREB1	NA
ENCFF538DUT	bam	GM12878	ENCSR000BUF	trainData	NA	CREB1	NA
ENCFF300LLX	bam	MCF-7	ENCSR000BUK	trainData	NA	GABPA	NA
ENCFF442LCT	bam	MCF-7	ENCSR000BUK	trainData	NA	GABPA	NA
ENCFF212MUI	bam	HepG2	ENCSR000EEH	trainData	NA	NRF1	NA
ENCFF252YXD	bam	HepG2	ENCSR000EEH	trainData	NA	NRF1	NA
ENCFF071BUP	bam	GM12878	ENCSR000DZW	trainData	NA	RFX5	NA
ENCFF509RPI	bam	GM12878	ENCSR000DZW	trainData	NA	RFX5	NA
ENCFF111BMB	bam	HepG2	ENCSR000BRP	trainData	NA	TEAD4	NA
ENCFF397PWT	bam	HepG2	ENCSR000BRP	trainData	NA	TEAD4	NA
ENCFF373EUJ	bam	GM12878	ENCSR000BJY	trainData	NA	ATF3	NA
ENCFF447BVE	bam	GM12878	ENCSR000BJY	trainData	NA	ATF3	NA
ENCFF893LSE	bam	K562	ENCSR000EWF	trainData	NA	YY1	NA
ENCFF355RIV	bam	K562	ENCSR000EWF	trainData	NA	YY1	NA
ENCFF086JSB	bam	GM12878	ENCSR000BMB	trainData	NA	ELF1	NA
ENCFF420ZXL	bam	GM12878	ENCSR000BMB	trainData	NA	ELF1	NA
ENCFF443SAU	bam	HeLa-S3	ENCSR000EDH	trainData	NA	JUND	NA
ENCFF042ZAF	bam	HeLa-S3	ENCSR000EDH	trainData	NA	JUND	NA
ENCFF914DPO	bam	HepG2	ENCSR000BHU	trainData	NA	RXRA	NA
ENCFF714SQH	bam	HepG2	ENCSR000BHU	trainData	NA	RXRA	NA
ENCFF588FQW	bam	GM12878	ENCSR000DZO	trainData	NA	NRF1	NA
ENCFF951GZL	bam	GM12878	ENCSR000DZO	trainData	NA	NRF1	NA
ENCFF371XAX	bam	HepG2	ENCSR000BKE	trainData	NA	ATF3	NA
ENCFF953FIP	bam	HepG2	ENCSR000BKE	trainData	NA	ATF3	NA
ENCFF041RKR	bam	MCF-7	ENCSR000BVA	trainData	NA	SRF	NA
ENCFF850RSO	bam	MCF-7	ENCSR000BVA	trainData	NA	SRF	NA
ENCFF872VKF	bam	HepG2	ENCSR000EEA	trainData	NA	RFX5	NA
ENCFF913HCU	bam	HepG2	ENCSR000EEA	trainData	NA	RFX5	NA
ENCFF955ZRZ	bam	K562	ENCSR014ARU	trainData	NA	ATF2	NA
ENCFF863TKH	bam	K562	ENCSR014ARU	trainData	NA	ATF2	NA
ENCFF570DCQ	bam	K562	ENCSR000EGN	trainData	NA	JUND	NA
ENCFF208UMS	bam	K562	ENCSR000EGN	trainData	NA	JUND	NA
ENCFF471JNI	bam	HepG2	ENCSR681WHQ	trainData	NA	ETS1	NA
ENCFF078IOB	bam	HepG2	ENCSR681WHQ	trainData	NA	ETS1	NA
ENCFF822SYN	bam	K562	ENCSR000DJX	trainData	NA	JUND	NA
ENCFF185MVI	bam	K562	ENCSR000DJX	trainData	NA	JUND	NA
ENCFF218QET	bam	K562	ENCSR000DJX	trainData	NA	JUND	NA
ENCFF831MDA	bam	K562	ENCSR998AJK	trainData	NA	NRF1	NA
ENCFF724UWZ	bam	K562	ENCSR998AJK	trainData	NA	NRF1	NA
ENCFF819NZO	bam	HepG2	ENCSR000EEL	trainData	NA	TBP	NA
ENCFF688YFZ	bam	HepG2	ENCSR000EEL	trainData	NA	TBP	NA
ENCFF618OKT	bam	K562	ENCSR000EGO	trainData	NA	RFX5	NA
ENCFF929SXG	bam	K562	ENCSR000EGO	trainData	NA	RFX5	NA
ENCFF829JOT	bam	K562	ENCSR000BKQ	trainData	NA	ETS1	NA
ENCFF221KBU	bam	K562	ENCSR000BKQ	trainData	NA	ETS1	NA
ENCFF526CAL	bam	GM12878	ENCSR331HPA	trainData	NA	GABPA	NA
ENCFF025AON	bam	GM12878	ENCSR331HPA	trainData	NA	GABPA	NA
ENCFF449ZMP	bam	GM12878	ENCSR000BMQ	trainData	NA	EGR1	NA
ENCFF849AGI	bam	GM12878	ENCSR000BMQ	trainData	NA	EGR1	NA
ENCFF975ETI	bam	K562	ENCSR000DLZ	trainData	NA	MYC	NA
ENCFF380OWL	bam	K562	ENCSR000DLZ	trainData	NA	MYC	NA
ENCFF953SVM	bam	K562	ENCSR000DLZ	trainData	NA	MYC	NA
ENCFF523WRA	bam	HeLa-S3	ENCSR000BMN	trainData	NA	REST	NA
ENCFF900FCK	bam	HeLa-S3	ENCSR000BMN	trainData	NA	REST	NA
ENCFF945KYF	bam	GM12878	ENCSR000BGE	trainData	NA	SRF	NA
ENCFF098EHX	bam	GM12878	ENCSR000BGE	trainData	NA	SRF	NA
ENCFF540IOH	bam	K562	ENCSR000BNW	trainData	NA	SIX5	NA
ENCFF188SSQ	bam	K562	ENCSR000BNW	trainData	NA	SIX5	NA
ENCFF440KHN	bam	K562	ENCSR000EFS	trainData	NA	JUN	NA
ENCFF014HSG	bam	K562	ENCSR000EFS	trainData	NA	JUN	NA
ENCFF622ORU	bam	HepG2	ENCSR000BNT	trainData	NA	YY1	NA
ENCFF423OGY	bam	HepG2	ENCSR000BNT	trainData	NA	YY1	NA
ENCFF301QON	bam	GM12878	ENCSR000EUM	trainData	NA	YY1	NA
ENCFF493HLV	bam	GM12878	ENCSR000EUM	trainData	NA	YY1	NA
ENCFF299DQR	bam	HepG2	ENCSR000EEB	trainData	NA	MAFK	NA
ENCFF701OXX	bam	HepG2	ENCSR000EEB	trainData	NA	MAFK	NA
ENCFF202IFL	bam	MCF-7	ENCSR000BUO	trainData	NA	TEAD4	NA
ENCFF637BVE	bam	MCF-7	ENCSR000BUO	trainData	NA	TEAD4	NA
ENCFF544ITN	bam	K562	ENCSR000EGZ	trainData	NA	MXI1	NA
ENCFF358DIK	bam	K562	ENCSR000EGZ	trainData	NA	MXI1	NA
ENCFF862CNK	bam	K562	ENCSR000EGX	trainData	NA	MAFK	NA
ENCFF648XLS	bam	K562	ENCSR000EGX	trainData	NA	MAFK	NA
ENCFF541OCW	bam	MCF-7	ENCSR000BUL	trainData	NA	MAX	NA
ENCFF973YIT	bam	MCF-7	ENCSR000BUL	trainData	NA	MAX	NA
ENCFF158VHG	bam	K562	ENCSR000BMH	trainData	NA	YY1	NA
ENCFF821RKN	bam	K562	ENCSR000BMH	trainData	NA	YY1	NA
ENCFF261NDT	bam	MCF-7	ENCSR555PBN	trainData	NA	MAFK	NA
ENCFF116OYX	bam	MCF-7	ENCSR555PBN	trainData	NA	MAFK	NA
ENCFF676OVC	bam	GM12878	ENCSR000BNP	trainData	NA	YY1	NA
ENCFF481OXC	bam	GM12878	ENCSR000BNP	trainData	NA	YY1	NA
ENCFF656FDC	bam	K562	ENCSR000ATM	trainData	NA	REST	NA
ENCFF191OSK	bam	K562	ENCSR000ATM	trainData	NA	REST	NA
ENCFF565CHM	bam	K562	ENCSR000ATM	trainData	NA	REST	NA
ENCFF953PSU	bam	K562	ENCSR000EGJ	trainData	NA	MYC	NA
ENCFF672LVL	bam	K562	ENCSR000EGJ	trainData	NA	MYC	NA
ENCFF163VCX	bam	K562	ENCSR000BKT	trainData	NA	USF1	NA
ENCFF810QPW	bam	K562	ENCSR000BKT	trainData	NA	USF1	NA
ENCFF718SND	bam	HepG2	ENCSR000BJX	trainData	NA	SP1	NA
ENCFF241ZKB	bam	HepG2	ENCSR000BJX	trainData	NA	SP1	NA
ENCFF856BLZ	bam	GM12878	ENCSR000BQK	trainData	NA	ATF2	NA
ENCFF463JZL	bam	GM12878	ENCSR000BQK	trainData	NA	ATF2	NA
ENCFF875FOK	bam	HepG2	ENCSR689JMY	trainData	NA	NRF1	NA
ENCFF245FYV	bam	HepG2	ENCSR689JMY	trainData	NA	NRF1	NA
ENCFF617EYG	bam	K562	ENCSR000BKO	trainData	NA	SP1	NA
ENCFF716PNY	bam	K562	ENCSR000BKO	trainData	NA	SP1	NA
ENCFF458QEC	bam	HeLa-S3	ENCSR000EVK	trainData	NA	E2F6	NA
ENCFF246ORK	bam	HeLa-S3	ENCSR000EVK	trainData	NA	E2F6	NA
ENCFF854FCI	bam	K562	ENCSR000EWJ	trainData	NA	E2F6	NA
ENCFF762JGN	bam	K562	ENCSR000EWJ	trainData	NA	E2F6	NA
ENCFF536WJM	bam	HepG2	ENCSR000EVR	trainData	NA	ZNF274	NA
ENCFF830EAV	bam	HepG2	ENCSR000EVR	trainData	NA	ZNF274	NA
ENCFF708XQE	bam	MCF-7	ENCSR000BSU	trainData	NA	JUND	NA
ENCFF065JCY	bam	MCF-7	ENCSR000BSU	trainData	NA	JUND	NA
ENCFF687NMX	bam	K562	ENCSR471WXT	trainData	NA	CREB1	NA
ENCFF543OJK	bam	K562	ENCSR471WXT	trainData	NA	CREB1	NA
ENCFF909JJH	bam	K562	ENCSR568ZXG	trainData	NA	ATF3	NA
ENCFF366HOD	bam	K562	ENCSR568ZXG	trainData	NA	ATF3	NA
ENCFF788FDI	bam	K562	ENCSR000FAG	trainData	NA	MYC	NA
ENCFF937QDF	bam	K562	ENCSR000FAG	trainData	NA	MYC	NA
ENCFF920GKG	bam	HeLa-S3	ENCSR000EZF	trainData	NA	MAX	NA
ENCFF072SJG	bam	HeLa-S3	ENCSR000EZF	trainData	NA	MAX	NA
ENCFF016THF	bam	K562	ENCSR000BRQ	trainData	NA	CEBPB	NA
ENCFF060DRK	bam	K562	ENCSR000BRQ	trainData	NA	CEBPB	NA
ENCFF236TDZ	bam	GM12878	ENCSR000BRX	trainData	NA	CEBPB	NA
ENCFF895IVX	bam	GM12878	ENCSR000BRX	trainData	NA	CEBPB	NA
ENCFF993KZB	bam	K562	ENCSR000BMD	trainData	NA	ELF1	NA
ENCFF431DRS	bam	K562	ENCSR000BMD	trainData	NA	ELF1	NA
ENCFF792QIX	bam	HepG2	ENCSR000EDZ	trainData	NA	MAFK	NA
ENCFF938WCX	bam	HepG2	ENCSR000EDZ	trainData	NA	MAFK	NA
ENCFF194AIS	bam	K562	ENCSR000FAH	trainData	NA	JUN	NA
ENCFF809NJE	bam	K562	ENCSR000FAH	trainData	NA	JUN	NA
ENCFF100RAQ	bam	K562	ENCSR787CHF	trainData	NA	USF1	NA
ENCFF550KSJ	bam	K562	ENCSR787CHF	trainData	NA	USF1	NA
ENCFF608XJG	bam	K562	ENCSR372IML	trainData	NA	SP1	NA
ENCFF415LYV	bam	K562	ENCSR372IML	trainData	NA	SP1	NA
ENCFF882REA	bam	HepG2	ENCSR000BJG	trainData	NA	TCF12	NA
ENCFF410FWZ	bam	HepG2	ENCSR000BJG	trainData	NA	TCF12	NA
ENCFF458VXF	bam	GM12878	ENCSR000BGI	trainData	NA	USF1	NA
ENCFF551CSX	bam	GM12878	ENCSR000BGI	trainData	NA	USF1	NA
ENCFF078GJW	bam	GM12878	ENCSR000DYS	trainData	NA	JUND	NA
ENCFF891HXN	bam	GM12878	ENCSR000DYS	trainData	NA	JUND	NA
ENCFF572IXE	bam	K562	ENCSR000EHA	trainData	NA	TBP	NA
ENCFF835GHC	bam	K562	ENCSR000EHA	trainData	NA	TBP	NA
ENCFF384ZEY	bam	HepG2	ENCSR000EEE	trainData	NA	CEBPB	NA
ENCFF692KBO	bam	HepG2	ENCSR000EEE	trainData	NA	CEBPB	NA
ENCFF905GIF	bam	K562	ENCSR869IUD	trainData	NA	ATF2	NA
ENCFF003WWR	bam	K562	ENCSR869IUD	trainData	NA	ATF2	NA
ENCFF444JYG	bam	MCF-7	ENCSR176EXN	trainData	NA	JUN	NA
ENCFF577KPJ	bam	MCF-7	ENCSR176EXN	trainData	NA	JUN	NA
ENCFF545EZW	bam	K562	ENCSR946WBN	trainData	NA	JUN	NA
ENCFF620LMU	bam	K562	ENCSR946WBN	trainData	NA	JUN	NA
ENCFF750IJA	bam	GM12878	ENCSR000BGF	trainData	NA	REST	NA
ENCFF953VYL	bam	GM12878	ENCSR000BGF	trainData	NA	REST	NA
ENCFF509ZNE	bam	GM12878	ENCSR000EYV	trainData	NA	JUND	NA
ENCFF848JON	bam	GM12878	ENCSR000EYV	trainData	NA	JUND	NA
ENCFF520TBQ	bam	K562	ENCSR000DOG	trainData	NA	ATF3	NA
ENCFF751FSM	bam	K562	ENCSR000DOG	trainData	NA	ATF3	NA
ENCFF292VMV	bam	HepG2	ENCSR000BLV	trainData	NA	SRF	NA
ENCFF380UUO	bam	HepG2	ENCSR000BLV	trainData	NA	SRF	NA
ENCFF909CRU	bam	K562	ENCSR000BMV	trainData	NA	FOSL1	NA
ENCFF041VIB	bam	K562	ENCSR000BMV	trainData	NA	FOSL1	NA
ENCFF139TCV	bam	GM12878	ENCSR000BJE	trainData	NA	SIX5	NA
ENCFF453CMC	bam	GM12878	ENCSR000BJE	trainData	NA	SIX5	NA
ENCFF215TIO	bam	GM12878	ENCSR000DYV	trainData	NA	MAFK	NA
ENCFF381MCA	bam	GM12878	ENCSR000DYV	trainData	NA	MAFK	NA
ENCFF262TLF	bam	HeLa-S3	ENCSR000EZD	trainData	NA	MYC	NA
ENCFF177NZH	bam	HeLa-S3	ENCSR000EZD	trainData	NA	MYC	NA
ENCFF265VZX	bam	K562	ENCSR837EYC	trainData	NA	NRF1	NA
ENCFF677KJK	bam	K562	ENCSR837EYC	trainData	NA	NRF1	NA
ENCFF279DUF	bam	HepG2	ENCSR000BGM	trainData	NA	USF1	NA
ENCFF789VLZ	bam	HepG2	ENCSR000BGM	trainData	NA	USF1	NA
ENCFF233EHQ	bam	HepG2	ENCSR000BGK	trainData	NA	JUND	NA
ENCFF856HJK	bam	HepG2	ENCSR000BGK	trainData	NA	JUND	NA
ENCFF900UQV	bam	K562	ENCSR000BLP	trainData	NA	MAX	NA
ENCFF706WSQ	bam	K562	ENCSR000BLP	trainData	NA	MAX	NA
ENCFF890GAA	bam	GM12878	ENCSR000BJD	trainData	NA	RXRA	NA
ENCFF052IWA	bam	GM12878	ENCSR000BJD	trainData	NA	RXRA	NA
ENCFF620MEQ	bam	HeLa-S3	ENCSR000DLN	trainData	NA	MYC	NA
ENCFF237MZO	bam	HeLa-S3	ENCSR000DLN	trainData	NA	MYC	NA
ENCFF066HOR	bam	MCF-7	ENCSR000BUN	trainData	NA	TCF12	NA
ENCFF463DEH	bam	MCF-7	ENCSR000BUN	trainData	NA	TCF12	NA
ENCFF513EOH	bam	GM12878	ENCSR000DKU	trainData	NA	MYC	NA
ENCFF484MUV	bam	GM12878	ENCSR000DKU	trainData	NA	MYC	NA
ENCFF840DIN	bam	K562	ENCSR000BKU	trainData	NA	YY1	NA
ENCFF749HDO	bam	K562	ENCSR000BKU	trainData	NA	YY1	NA
ENCFF760OQA	bam	HepG2	ENCSR000BQI	trainData	NA	CEBPB	NA
ENCFF816TWG	bam	HepG2	ENCSR000BQI	trainData	NA	CEBPB	NA
ENCFF112PAJ	bam	K562	ENCSR359NFW	trainData	NA	USF2	NA
ENCFF388JZK	bam	K562	ENCSR359NFW	trainData	NA	USF2	NA
ENCFF279PNE	bam	HepG2	ENCSR000BTM	trainData	NA	MAX	NA
ENCFF749EPE	bam	HepG2	ENCSR000BTM	trainData	NA	MAX	NA
ENCFF200BSA	bam	HeLa-S3	ENCSR000ECK	trainData	NA	MAFK	NA
ENCFF533LDY	bam	HeLa-S3	ENCSR000ECK	trainData	NA	MAFK	NA
ENCFF720DEB	bam	GM12878	ENCSR000BHK	trainData	NA	SP1	NA
ENCFF398XSK	bam	K562	ENCSR000BNL	trainData	NA	SP2	NA
ENCFF126CVJ	bam	K562	ENCSR000BNL	trainData	NA	SP2	NA
ENCFF392MQS	bam	K562	ENCSR000BLI	trainData	NA	E2F6	NA
ENCFF709FBP	bam	K562	ENCSR000BLI	trainData	NA	E2F6	NA
ENCFF581KKI	bam	HepG2	ENCSR168DYA	trainData	NA	MAX	NA
ENCFF956AAA	bam	HepG2	ENCSR168DYA	trainData	NA	MAX	NA
ENCFF064OSK	bam	K562	ENCSR000EGD	trainData	NA	BACH1	NA
ENCFF741NOZ	bam	K562	ENCSR000EGD	trainData	NA	BACH1	NA
ENCFF541JTJ	bam	K562	ENCSR000BLO	trainData	NA	GABPA	NA
ENCFF631INK	bam	K562	ENCSR000BLO	trainData	NA	GABPA	NA
ENCFF399CKU	bam	HeLa-S3	ENCSR000EDA	trainData	NA	CEBPB	NA
ENCFF608HJO	bam	HeLa-S3	ENCSR000EDA	trainData	NA	CEBPB	NA
ENCFF977QBD	bam	GM12878	ENCSR000DZU	trainData	NA	USF2	NA
ENCFF213IWO	bam	GM12878	ENCSR000DZU	trainData	NA	USF2	NA
ENCFF663UJV	bam	HeLa-S3	ENCSR000EDG	trainData	NA	JUN	NA
ENCFF982ZLA	bam	HeLa-S3	ENCSR000EDG	trainData	NA	JUN	NA
ENCFF678IEN	bam	MCF-7	ENCSR620DUQ	trainData	NA	CREB1	NA
ENCFF206VBM	bam	MCF-7	ENCSR620DUQ	trainData	NA	CREB1	NA
ENCFF533PJT	bam	HepG2	ENCSR747VUU	trainData	NA	JUN	NA
ENCFF061FLN	bam	HepG2	ENCSR747VUU	trainData	NA	JUN	NA
ENCFF079SDB	bam	MCF-7	ENCSR475SOC	trainData	NA	ELF1	NA
ENCFF304KCG	bam	MCF-7	ENCSR475SOC	trainData	NA	ELF1	NA
ENCFF608CRP	bam	MCF-7	ENCSR729LGA	trainData	NA	SP1	NA
ENCFF566FOC	bam	MCF-7	ENCSR729LGA	trainData	NA	SP1	NA
ENCFF785JQZ	bam	HepG2	ENCSR798KXG	trainData	NA	TBP	NA
ENCFF345RRC	bam	HepG2	ENCSR798KXG	trainData	NA	TBP	NA
ENCFF337NXS	bam	K562	ENCSR024CNP	trainData	NA	EGR1	NA
ENCFF160QEY	bam	K562	ENCSR024CNP	trainData	NA	EGR1	NA
ENCFF595QMK	bam	HepG2	ENCSR269TNX	trainData	NA	GABPA	NA
ENCFF701TAB	bam	HepG2	ENCSR269TNX	trainData	NA	GABPA	NA
ENCFF054MKW	bam	GM12878	ENCSR636MKU	trainData	NA	BACH1	NA
ENCFF965UYJ	bam	GM12878	ENCSR636MKU	trainData	NA	BACH1	NA
ENCFF086LBT	bam	HepG2	ENCSR908HWZ	trainData	NA	ATF2	NA
ENCFF680QZI	bam	HepG2	ENCSR908HWZ	trainData	NA	ATF2	NA
ENCFF780ZGZ	bam	HepG2	ENCSR402ZCY	trainData	NA	ATF3	NA
ENCFF660VYJ	bam	HepG2	ENCSR402ZCY	trainData	NA	ATF3	NA
ENCFF536RXP	bam	K562	ENCSR239ZLZ	trainData	NA	FOSL1	NA
ENCFF897EUK	bam	K562	ENCSR239ZLZ	trainData	NA	FOSL1	NA
ENCFF595MHF	bam	HepG2	ENCSR026GSW	trainData	NA	EGR1	NA
ENCFF084FDL	bam	HepG2	ENCSR026GSW	trainData	NA	EGR1	NA
ENCFF547DDL	bam	K562	ENCSR504HOI	trainData	NA	SRF	NA
ENCFF252BIS	bam	K562	ENCSR504HOI	trainData	NA	SRF	NA
ENCFF144CSQ	bam	K562	ENCSR189TRZ	trainData	NA	TCF12	NA
ENCFF152JEU	bam	K562	ENCSR189TRZ	trainData	NA	TCF12	NA
ENCFF908DFN	bam	GM12878	ENCSR041XML	trainData	NA	SRF	NA
ENCFF143EPW	bam	GM12878	ENCSR041XML	trainData	NA	SRF	NA
ENCFF797BAN	bam	HepG2	ENCSR946RZN	trainData	NA	SP2	NA
ENCFF938KMZ	bam	HepG2	ENCSR946RZN	trainData	NA	SP2	NA
ENCFF891DIX	bam	K562	ENCSR975SSR	trainData	NA	ELF1	NA
ENCFF069JZA	bam	K562	ENCSR975SSR	trainData	NA	ELF1	NA
ENCFF653QQB	bam	HepG2	ENCSR047BUZ	trainData	NA	ATF2	NA
ENCFF049NMV	bam	HepG2	ENCSR047BUZ	trainData	NA	ATF2	NA
ENCFF042HHH	bam	K562	ENCSR582IAO	trainData	NA	SRF	NA
ENCFF707MFP	bam	K562	ENCSR582IAO	trainData	NA	SRF	NA
ENCFF649HJF	bam	K562	ENCSR632DCH	trainData	NA	ATF3	NA
ENCFF817JCI	bam	K562	ENCSR632DCH	trainData	NA	ATF3	NA
ENCFF790YVI	bam	GM12878	ENCSR000BRG	trainData	NA	EGR1	NA
ENCFF938FSS	bam	HepG2	ENCSR871VNN	trainData	NA	ZNF274	NA
ENCFF496EZU	bam	HepG2	ENCSR871VNN	trainData	NA	ZNF274	NA
ENCFF085XER	bam	HepG2	ENCSR145QNL	trainData	NA	USF2	NA
ENCFF788FWD	bam	HepG2	ENCSR145QNL	trainData	NA	USF2	NA
ENCFF463YLB	bam	HepG2	ENCSR672BSA	trainData	NA	ETS1	NA
ENCFF839GLU	bam	HepG2	ENCSR672BSA	trainData	NA	ETS1	NA
ENCFF232EII	bam	MCF-7	ENCSR502NRF	trainData	NA	ELF1	NA
ENCFF180BFJ	bam	MCF-7	ENCSR502NRF	trainData	NA	ELF1	NA
ENCFF185YMX	bam	K562	ENCSR211LTF	trainData	NA	EGR1	NA
ENCFF251OGM	bam	K562	ENCSR211LTF	trainData	NA	EGR1	NA
ENCFF283YBE	bam	HepG2	ENCSR099FCQ	trainData	NA	USF1	NA
ENCFF875SFI	bam	HepG2	ENCSR099FCQ	trainData	NA	USF1	NA
ENCFF781YRX	bam	GM12878	ENCSR725VFL	trainData	NA	TCF12	NA
ENCFF275DGB	bam	GM12878	ENCSR725VFL	trainData	NA	TCF12	NA
ENCFF041QIN	bam	GM12878	ENCSR841NDX	trainData	NA	ELF1	NA
ENCFF290PIQ	bam	GM12878	ENCSR841NDX	trainData	NA	ELF1	NA
ENCFF604CDP	bam	K562	ENCSR744JJU	trainData	NA	MYC	NA
ENCFF503ZCR	bam	K562	ENCSR744JJU	trainData	NA	MYC	NA
ENCFF150VUW	bam	HepG2	ENCSR894SXR	trainData	NA	TCF12	NA
ENCFF992PWX	bam	HepG2	ENCSR894SXR	trainData	NA	TCF12	NA
ENCFF816JWH	bed narrowPeak	HepG2	ENCSR282ZLP	trainData	conservative IDR thresholded peaks	JUND	conservative
ENCFF383BYS	bed narrowPeak	HepG2	ENCSR282ZLP	trainData	IDR thresholded peaks	JUND	liberal
ENCFF651IOT	bed narrowPeak	HepG2	ENCSR767NGL	trainData	conservative IDR thresholded peaks	FOSL1	conservative
ENCFF497SIC	bed narrowPeak	HepG2	ENCSR767NGL	trainData	IDR thresholded peaks	FOSL1	liberal
ENCFF519NBO	bed narrowPeak	HepG2	ENCSR516SMM	trainData	conservative IDR thresholded peaks	SRF	conservative
ENCFF316WFA	bed narrowPeak	HepG2	ENCSR516SMM	trainData	IDR thresholded peaks	SRF	liberal
ENCFF761OCJ	bed narrowPeak	K562	ENCSR158LJN	trainData	conservative IDR thresholded peaks	MAX	conservative
ENCFF266YHW	bed narrowPeak	K562	ENCSR158LJN	trainData	IDR thresholded peaks	MAX	liberal
ENCFF032NXX	bed narrowPeak	HepG2	ENCSR268XPQ	trainData	conservative IDR thresholded peaks	TCF12	conservative
ENCFF651OAU	bed narrowPeak	HepG2	ENCSR268XPQ	trainData	IDR thresholded peaks	TCF12	liberal
ENCFF620GRV	bed narrowPeak	K562	ENCSR817FMN	trainData	conservative IDR thresholded peaks	TEAD4	conservative
ENCFF303CVC	bed narrowPeak	K562	ENCSR817FMN	trainData	IDR thresholded peaks	TEAD4	liberal
ENCFF561HAC	bed narrowPeak	HepG2	ENCSR321VGW	trainData	conservative IDR thresholded peaks	ELF1	conservative
ENCFF215GPK	bed narrowPeak	HepG2	ENCSR321VGW	trainData	IDR thresholded peaks	ELF1	liberal
ENCFF392AXI	bed narrowPeak	HepG2	ENCSR800JRG	trainData	conservative IDR thresholded peaks	TEAD4	conservative
ENCFF355HRT	bed narrowPeak	HepG2	ENCSR800JRG	trainData	IDR thresholded peaks	TEAD4	liberal
ENCFF672JLN	bed narrowPeak	HepG2	ENCSR416HDG	trainData	conservative IDR thresholded peaks	RXRA	conservative
ENCFF328SRN	bed narrowPeak	HepG2	ENCSR416HDG	trainData	IDR thresholded peaks	RXRA	liberal
ENCFF022SPK	bed narrowPeak	HepG2	ENCSR460YAM	trainData	conservative IDR thresholded peaks	SP1	conservative
ENCFF333SWC	bed narrowPeak	HepG2	ENCSR460YAM	trainData	IDR thresholded peaks	SP1	liberal
ENCFF789KFF	bed narrowPeak	K562	ENCSR578KEN	trainData	conservative IDR thresholded peaks	USF2	conservative
ENCFF289ZIR	bed narrowPeak	K562	ENCSR578KEN	trainData	IDR thresholded peaks	USF2	liberal
ENCFF017SIC	bed narrowPeak	K562	ENCSR000EHH	trainData	conservative IDR thresholded peaks	NRF1	conservative
ENCFF410RJD	bed narrowPeak	K562	ENCSR000EHH	trainData	IDR thresholded peaks	NRF1	liberal
ENCFF366IFU	bed narrowPeak	HeLa-S3	ENCSR000ECN	trainData	conservative IDR thresholded peaks	MAX	conservative
ENCFF666XCS	bed narrowPeak	HeLa-S3	ENCSR000ECN	trainData	IDR thresholded peaks	MAX	liberal
ENCFF738SUV	bed narrowPeak	K562	ENCSR000BNE	trainData	conservative IDR thresholded peaks	EGR1	conservative
ENCFF566PRZ	bed narrowPeak	K562	ENCSR000BNE	trainData	IDR thresholded peaks	EGR1	liberal
ENCFF962KEP	bed narrowPeak	HepG2	ENCSR000BOU	trainData	conservative IDR thresholded peaks	SP2	conservative
ENCFF591XXC	bed narrowPeak	HepG2	ENCSR000BOU	trainData	IDR thresholded peaks	SP2	liberal
ENCFF423PXJ	bed narrowPeak	MCF-7	ENCSR000BSP	trainData	conservative IDR thresholded peaks	REST	conservative
ENCFF680JMZ	bed narrowPeak	MCF-7	ENCSR000BSP	trainData	IDR thresholded peaks	REST	liberal
ENCFF034UEJ	bed narrowPeak	GM12878	ENCSR000EUK	trainData	IDR thresholded peaks	ZNF274	liberal
ENCFF146UBH	bed narrowPeak	HepG2	ENCSR000EEF	trainData	conservative IDR thresholded peaks	USF2	conservative
ENCFF652ELW	bed narrowPeak	HepG2	ENCSR000EEF	trainData	IDR thresholded peaks	USF2	liberal
ENCFF572YTS	bed narrowPeak	K562	ENCSR054JMQ	trainData	conservative IDR thresholded peaks	REST	conservative
ENCFF118ECK	bed narrowPeak	K562	ENCSR054JMQ	trainData	IDR thresholded peaks	REST	liberal
ENCFF374YEM	bed narrowPeak	HepG2	ENCSR000BMZ	trainData	conservative IDR thresholded peaks	ELF1	conservative
ENCFF839JEO	bed narrowPeak	HepG2	ENCSR000BMZ	trainData	IDR thresholded peaks	ELF1	liberal
ENCFF281KZH	bed narrowPeak	HepG2	ENCSR000EEI	trainData	conservative IDR thresholded peaks	JUND	conservative
ENCFF562YSV	bed narrowPeak	HepG2	ENCSR000EEI	trainData	IDR thresholded peaks	JUND	liberal
ENCFF128XEY	bed narrowPeak	HepG2	ENCSR000BOT	trainData	conservative IDR thresholded peaks	REST	conservative
ENCFF271FEM	bed narrowPeak	HepG2	ENCSR000BOT	trainData	IDR thresholded peaks	REST	liberal
ENCFF034DOZ	bed narrowPeak	K562	ENCSR000EFV	trainData	conservative IDR thresholded peaks	MAX	conservative
ENCFF171FVU	bed narrowPeak	K562	ENCSR000EFV	trainData	IDR thresholded peaks	MAX	liberal
ENCFF723THE	bed narrowPeak	K562	ENCSR744CXJ	trainData	conservative IDR thresholded peaks	ELF1	conservative
ENCFF763MXW	bed narrowPeak	K562	ENCSR744CXJ	trainData	IDR thresholded peaks	ELF1	liberal
ENCFF564YGY	bed narrowPeak	HepG2	ENCSR000BVL	trainData	conservative IDR thresholded peaks	CREB1	conservative
ENCFF738LQC	bed narrowPeak	HepG2	ENCSR000BVL	trainData	IDR thresholded peaks	CREB1	liberal
ENCFF877NAR	bed narrowPeak	HepG2	ENCSR784BVD	trainData	conservative IDR thresholded peaks	MYC	conservative
ENCFF239IMY	bed narrowPeak	HepG2	ENCSR784BVD	trainData	IDR thresholded peaks	MYC	liberal
ENCFF429FHY	bed narrowPeak	GM12878	ENCSR000BGZ	trainData	conservative IDR thresholded peaks	TCF12	conservative
ENCFF068YYR	bed narrowPeak	GM12878	ENCSR000BGZ	trainData	IDR thresholded peaks	TCF12	liberal
ENCFF224HTL	bed narrowPeak	HeLa-S3	ENCSR000BHS	trainData	conservative IDR thresholded peaks	GABPA	conservative
ENCFF168BDU	bed narrowPeak	HeLa-S3	ENCSR000BHS	trainData	IDR thresholded peaks	GABPA	liberal
ENCFF677LXO	bed narrowPeak	K562	ENCSR000BGX	trainData	conservative IDR thresholded peaks	SIX5	conservative
ENCFF742ZHT	bed narrowPeak	K562	ENCSR000BGX	trainData	IDR thresholded peaks	SIX5	liberal
ENCFF983UDO	bed narrowPeak	K562	ENCSR000EHE	trainData	conservative IDR thresholded peaks	CEBPB	conservative
ENCFF882ARK	bed narrowPeak	K562	ENCSR000EHE	trainData	IDR thresholded peaks	CEBPB	liberal
ENCFF532JII	bed narrowPeak	HepG2	ENCSR000EDS	trainData	conservative IDR thresholded peaks	MAX	conservative
ENCFF044NSI	bed narrowPeak	HepG2	ENCSR000EDS	trainData	IDR thresholded peaks	MAX	liberal
ENCFF576BKY	bed narrowPeak	K562	ENCSR000BSO	trainData	conservative IDR thresholded peaks	CREB1	conservative
ENCFF193LLN	bed narrowPeak	K562	ENCSR000BSO	trainData	IDR thresholded peaks	CREB1	liberal
ENCFF986LOH	bed narrowPeak	MCF-7	ENCSR000BSS	trainData	conservative IDR thresholded peaks	ELF1	conservative
ENCFF091NQE	bed narrowPeak	MCF-7	ENCSR000BSS	trainData	IDR thresholded peaks	ELF1	liberal
ENCFF368SVW	bed narrowPeak	GM12878	ENCSR000BKA	trainData	conservative IDR thresholded peaks	ETS1	conservative
ENCFF568AZT	bed narrowPeak	GM12878	ENCSR000BKA	trainData	IDR thresholded peaks	ETS1	liberal
ENCFF713YZN	bed narrowPeak	HeLa-S3	ENCSR000ECU	trainData	conservative IDR thresholded peaks	MXI1	conservative
ENCFF420AQP	bed narrowPeak	HeLa-S3	ENCSR000ECU	trainData	IDR thresholded peaks	MXI1	liberal
ENCFF863HTV	bed narrowPeak	GM12878	ENCSR000DZZ	trainData	conservative IDR thresholded peaks	TBP	conservative
ENCFF099PYR	bed narrowPeak	GM12878	ENCSR000DZZ	trainData	IDR thresholded peaks	TBP	liberal
ENCFF823PRR	bed narrowPeak	HeLa-S3	ENCSR000EVG	trainData	conservative IDR thresholded peaks	ZNF274	conservative
ENCFF546RIC	bed narrowPeak	HeLa-S3	ENCSR000EVG	trainData	IDR thresholded peaks	ZNF274	liberal
ENCFF472XVC	bed narrowPeak	K562	ENCSR502OEK	trainData	conservative IDR thresholded peaks	ELF1	conservative
ENCFF350OMH	bed narrowPeak	K562	ENCSR502OEK	trainData	IDR thresholded peaks	ELF1	liberal
ENCFF428QEI	bed narrowPeak	GM12878	ENCSR000BQS	trainData	conservative IDR thresholded peaks	REST	conservative
ENCFF262MRD	bed narrowPeak	GM12878	ENCSR000BQS	trainData	IDR thresholded peaks	REST	liberal
ENCFF291JBV	bed narrowPeak	MCF-7	ENCSR000DMQ	trainData	conservative IDR thresholded peaks	MYC	conservative
ENCFF869OOK	bed narrowPeak	MCF-7	ENCSR000DMQ	trainData	IDR thresholded peaks	MYC	liberal
ENCFF262TNU	bed narrowPeak	HeLa-S3	ENCSR000ECX	trainData	conservative IDR thresholded peaks	RFX5	conservative
ENCFF438ZEN	bed narrowPeak	HeLa-S3	ENCSR000ECX	trainData	IDR thresholded peaks	RFX5	liberal
ENCFF847FZQ	bed narrowPeak	HeLa-S3	ENCSR000ECW	trainData	conservative IDR thresholded peaks	USF2	conservative
ENCFF405SDO	bed narrowPeak	HeLa-S3	ENCSR000ECW	trainData	IDR thresholded peaks	USF2	liberal
ENCFF649HPP	bed narrowPeak	K562	ENCSR137ZMQ	trainData	conservative IDR thresholded peaks	REST	conservative
ENCFF761YYL	bed narrowPeak	K562	ENCSR137ZMQ	trainData	IDR thresholded peaks	REST	liberal
ENCFF370CBN	bed narrowPeak	GM12878	ENCSR681NOM	trainData	conservative IDR thresholded peaks	CEBPB	conservative
ENCFF864EON	bed narrowPeak	GM12878	ENCSR681NOM	trainData	IDR thresholded peaks	CEBPB	liberal
ENCFF617OIC	bed narrowPeak	GM12878	ENCSR961PPA	trainData	conservative IDR thresholded peaks	ATF2	conservative
ENCFF213LSA	bed narrowPeak	GM12878	ENCSR961PPA	trainData	IDR thresholded peaks	ATF2	liberal
ENCFF648PUH	bed narrowPeak	HepG2	ENCSR331ORD	trainData	conservative IDR thresholded peaks	CREB1	conservative
ENCFF955MFB	bed narrowPeak	HepG2	ENCSR331ORD	trainData	IDR thresholded peaks	CREB1	liberal
ENCFF678ART	bed narrowPeak	MCF-7	ENCSR897JAS	trainData	conservative IDR thresholded peaks	CREB1	conservative
ENCFF030DLI	bed narrowPeak	MCF-7	ENCSR897JAS	trainData	IDR thresholded peaks	CREB1	liberal
ENCFF852AAQ	bed narrowPeak	HepG2	ENCSR112ALD	trainData	conservative IDR thresholded peaks	CREB1	conservative
ENCFF520ETY	bed narrowPeak	HepG2	ENCSR112ALD	trainData	IDR thresholded peaks	CREB1	liberal
ENCFF236YZF	bed narrowPeak	HepG2	ENCSR112ALD	trainData	IDR thresholded peaks	CREB1	liberal
ENCFF314KET	bed narrowPeak	HepG2	ENCSR112ALD	trainData	IDR thresholded peaks	CREB1	liberal
ENCFF027EFG	bed narrowPeak	K562	ENCSR028UIU	trainData	conservative IDR thresholded peaks	ATF3	conservative
ENCFF556SMM	bed narrowPeak	K562	ENCSR028UIU	trainData	IDR thresholded peaks	ATF3	liberal
ENCFF623KOA	bed narrowPeak	MCF-7	ENCSR924TVL	trainData	conservative IDR thresholded peaks	RFX5	conservative
ENCFF753LKY	bed narrowPeak	MCF-7	ENCSR924TVL	trainData	IDR thresholded peaks	RFX5	liberal
ENCFF420NNI	bed narrowPeak	K562	ENCSR494TDU	trainData	conservative IDR thresholded peaks	NRF1	conservative
ENCFF762CYI	bed narrowPeak	K562	ENCSR494TDU	trainData	IDR thresholded peaks	NRF1	liberal
ENCFF984FGT	bed narrowPeak	K562	ENCSR991ELG	trainData	conservative IDR thresholded peaks	SP1	conservative
ENCFF553GPK	bed narrowPeak	K562	ENCSR991ELG	trainData	IDR thresholded peaks	SP1	liberal
ENCFF970YIG	bed narrowPeak	K562	ENCSR744WOO	trainData	conservative IDR thresholded peaks	TCF12	conservative
ENCFF808QUD	bed narrowPeak	K562	ENCSR744WOO	trainData	IDR thresholded peaks	TCF12	liberal
ENCFF520WIR	bed narrowPeak	HepG2	ENCSR853ADA	trainData	conservative IDR thresholded peaks	NRF1	conservative
ENCFF308STQ	bed narrowPeak	HepG2	ENCSR853ADA	trainData	IDR thresholded peaks	NRF1	liberal
ENCFF889XXJ	bed narrowPeak	K562	ENCSR290MUH	trainData	conservative IDR thresholded peaks	GABPA	conservative
ENCFF173GUD	bed narrowPeak	K562	ENCSR290MUH	trainData	IDR thresholded peaks	GABPA	liberal
ENCFF761UZG	bed narrowPeak	K562	ENCSR416QLJ	trainData	conservative IDR thresholded peaks	CEBPB	conservative
ENCFF712ZNR	bed narrowPeak	K562	ENCSR416QLJ	trainData	IDR thresholded peaks	CEBPB	liberal
ENCFF316YEL	bed narrowPeak	HepG2	ENCSR334KIQ	trainData	conservative IDR thresholded peaks	SP1	conservative
ENCFF594LBX	bed narrowPeak	HepG2	ENCSR334KIQ	trainData	IDR thresholded peaks	SP1	liberal
ENCFF027OLQ	bed narrowPeak	MCF-7	ENCSR038RXU	trainData	conservative IDR thresholded peaks	GABPA	conservative
ENCFF158YBV	bed narrowPeak	MCF-7	ENCSR038RXU	trainData	IDR thresholded peaks	GABPA	liberal
ENCFF553DTU	bed narrowPeak	K562	ENCSR740NPG	trainData	conservative IDR thresholded peaks	BACH1	conservative
ENCFF678TXX	bed narrowPeak	K562	ENCSR740NPG	trainData	IDR thresholded peaks	BACH1	liberal
ENCFF528DHC	bed narrowPeak	HepG2	ENCSR000BJK	trainData	conservative IDR thresholded peaks	GABPA	conservative
ENCFF890WJZ	bed narrowPeak	HepG2	ENCSR000BJK	trainData	IDR thresholded peaks	GABPA	liberal
ENCFF095QYP	bed narrowPeak	K562	ENCSR000BNU	trainData	conservative IDR thresholded peaks	ATF3	conservative
ENCFF718VHT	bed narrowPeak	K562	ENCSR000BNU	trainData	IDR thresholded peaks	ATF3	liberal
ENCFF849BSK	bed narrowPeak	K562	ENCSR000BMW	trainData	conservative IDR thresholded peaks	REST	conservative
ENCFF707MDI	bed narrowPeak	K562	ENCSR000BMW	trainData	IDR thresholded peaks	REST	liberal
ENCFF910GCG	bed narrowPeak	MCF-7	ENCSR135ANT	trainData	conservative IDR thresholded peaks	NRF1	conservative
ENCFF960FSU	bed narrowPeak	MCF-7	ENCSR135ANT	trainData	IDR thresholded peaks	NRF1	liberal
ENCFF970MPY	bed narrowPeak	MCF-7	ENCSR135ANT	trainData	IDR thresholded peaks	NRF1	liberal
ENCFF464XDU	bed narrowPeak	MCF-7	ENCSR135ANT	trainData	IDR thresholded peaks	NRF1	liberal
ENCFF309PVJ	bed narrowPeak	MCF-7	ENCSR000DMJ	trainData	conservative IDR thresholded peaks	MYC	conservative
ENCFF385LDF	bed narrowPeak	MCF-7	ENCSR000DMJ	trainData	IDR thresholded peaks	MYC	liberal
ENCFF446CGL	bed narrowPeak	K562	ENCSR000EWE	trainData	conservative IDR thresholded peaks	ZNF274	conservative
ENCFF742DPO	bed narrowPeak	K562	ENCSR000EWE	trainData	IDR thresholded peaks	ZNF274	liberal
ENCFF953OHY	bed narrowPeak	K562	ENCSR000EHG	trainData	conservative IDR thresholded peaks	USF2	conservative
ENCFF744HVD	bed narrowPeak	K562	ENCSR000EHG	trainData	IDR thresholded peaks	USF2	liberal
ENCFF712UBB	bed narrowPeak	GM12878	ENCSR000DZF	trainData	conservative IDR thresholded peaks	MAX	conservative
ENCFF361EVH	bed narrowPeak	GM12878	ENCSR000DZF	trainData	IDR thresholded peaks	MAX	liberal
ENCFF550JMT	bed narrowPeak	HeLa-S3	ENCSR000EDD	trainData	conservative IDR thresholded peaks	TBP	conservative
ENCFF363NQY	bed narrowPeak	HeLa-S3	ENCSR000EDD	trainData	IDR thresholded peaks	TBP	liberal
ENCFF298UBV	bed narrowPeak	HepG2	ENCSR000EDU	trainData	conservative IDR thresholded peaks	MXI1	conservative
ENCFF599KZZ	bed narrowPeak	HepG2	ENCSR000EDU	trainData	IDR thresholded peaks	MXI1	liberal
ENCFF500VJY	bed narrowPeak	HepG2	ENCSR000EDU	trainData	IDR thresholded peaks	MXI1	liberal
ENCFF680VTX	bed narrowPeak	HepG2	ENCSR000EDU	trainData	IDR thresholded peaks	MXI1	liberal
ENCFF084DNU	bed narrowPeak	HepG2	ENCSR000EDU	trainData	IDR thresholded peaks	MXI1	liberal
ENCFF599XBQ	bed narrowPeak	HepG2	ENCSR000EDU	trainData	IDR thresholded peaks	MXI1	liberal
ENCFF142RBZ	bed narrowPeak	HepG2	ENCSR000EDU	trainData	IDR thresholded peaks	MXI1	liberal
ENCFF227COI	bed narrowPeak	HepG2	ENCSR000BJL	trainData	conservative IDR thresholded peaks	REST	conservative
ENCFF200SDQ	bed narrowPeak	HepG2	ENCSR000BJL	trainData	IDR thresholded peaks	REST	liberal
ENCFF310RHC	bed narrowPeak	K562	ENCSR000EVX	trainData	conservative IDR thresholded peaks	ZNF274	conservative
ENCFF045CFL	bed narrowPeak	K562	ENCSR000EVX	trainData	IDR thresholded peaks	ZNF274	liberal
ENCFF290FEC	bed narrowPeak	MCF-7	ENCSR000BSR	trainData	conservative IDR thresholded peaks	CEBPB	conservative
ENCFF240ZHW	bed narrowPeak	MCF-7	ENCSR000BSR	trainData	IDR thresholded peaks	CEBPB	liberal
ENCFF265UCB	bed narrowPeak	HepG2	ENCSR000EEK	trainData	conservative IDR thresholded peaks	JUN	conservative
ENCFF079UOJ	bed narrowPeak	HepG2	ENCSR000EEK	trainData	IDR thresholded peaks	JUN	liberal
ENCFF959MVO	bed narrowPeak	MCF-7	ENCSR000DMM	trainData	conservative IDR thresholded peaks	MYC	conservative
ENCFF377XCI	bed narrowPeak	MCF-7	ENCSR000DMM	trainData	IDR thresholded peaks	MYC	liberal
ENCFF268ADP	bed narrowPeak	HeLa-S3	ENCSR000EDJ	trainData	conservative IDR thresholded peaks	NRF1	conservative
ENCFF730BLH	bed narrowPeak	HeLa-S3	ENCSR000EDJ	trainData	IDR thresholded peaks	NRF1	liberal
ENCFF638YSV	bed narrowPeak	GM12878	ENCSR000DZI	trainData	conservative IDR thresholded peaks	MXI1	conservative
ENCFF376AEL	bed narrowPeak	GM12878	ENCSR000DZI	trainData	IDR thresholded peaks	MXI1	liberal
ENCFF301VUW	bed narrowPeak	K562	ENCSR000BLK	trainData	conservative IDR thresholded peaks	SRF	conservative
ENCFF101SEZ	bed narrowPeak	K562	ENCSR000BLK	trainData	IDR thresholded peaks	SRF	liberal
ENCFF800JFG	bed narrowPeak	HepG2	ENCSR000DLR	trainData	conservative IDR thresholded peaks	MYC	conservative
ENCFF703MYC	bed narrowPeak	HepG2	ENCSR000DLR	trainData	IDR thresholded peaks	MYC	liberal
ENCFF669YPX	bed narrowPeak	HepG2	ENCSR000DLR	trainData	IDR thresholded peaks	MYC	liberal
ENCFF777UUX	bed narrowPeak	HepG2	ENCSR000DLR	trainData	IDR thresholded peaks	MYC	liberal
ENCFF091VGF	bed narrowPeak	HepG2	ENCSR000DLR	trainData	IDR thresholded peaks	MYC	liberal
ENCFF916UXX	bed narrowPeak	HepG2	ENCSR000DLR	trainData	IDR thresholded peaks	MYC	liberal
ENCFF735PKA	bed narrowPeak	HepG2	ENCSR000DLR	trainData	IDR thresholded peaks	MYC	liberal
ENCFF997FYG	bed narrowPeak	K562	ENCSR000FAE	trainData	conservative IDR thresholded peaks	MAX	conservative
ENCFF493DCP	bed narrowPeak	K562	ENCSR000FAE	trainData	IDR thresholded peaks	MAX	liberal
ENCFF224BTI	bed narrowPeak	MCF-7	ENCSR000BUX	trainData	conservative IDR thresholded peaks	EGR1	conservative
ENCFF427RSA	bed narrowPeak	MCF-7	ENCSR000BUX	trainData	IDR thresholded peaks	EGR1	liberal
ENCFF836NXG	bed narrowPeak	GM12878	ENCSR000BMI	trainData	conservative IDR thresholded peaks	SRF	conservative
ENCFF114CWH	bed narrowPeak	GM12878	ENCSR000BMI	trainData	IDR thresholded peaks	SRF	liberal
ENCFF879AWG	bed narrowPeak	K562	ENCSR000BRK	trainData	conservative IDR thresholded peaks	TEAD4	conservative
ENCFF501XJP	bed narrowPeak	K562	ENCSR000BRK	trainData	IDR thresholded peaks	TEAD4	liberal
ENCFF552YPB	bed narrowPeak	GM12878	ENCSR000BUF	trainData	conservative IDR thresholded peaks	CREB1	conservative
ENCFF053UZX	bed narrowPeak	GM12878	ENCSR000BUF	trainData	IDR thresholded peaks	CREB1	liberal
ENCFF714NKU	bed narrowPeak	MCF-7	ENCSR000BUK	trainData	conservative IDR thresholded peaks	GABPA	conservative
ENCFF678DJM	bed narrowPeak	MCF-7	ENCSR000BUK	trainData	IDR thresholded peaks	GABPA	liberal
ENCFF785BAI	bed narrowPeak	HepG2	ENCSR000EEH	trainData	conservative IDR thresholded peaks	NRF1	conservative
ENCFF982PLG	bed narrowPeak	HepG2	ENCSR000EEH	trainData	IDR thresholded peaks	NRF1	liberal
ENCFF914AYR	bed narrowPeak	GM12878	ENCSR000DZW	trainData	conservative IDR thresholded peaks	RFX5	conservative
ENCFF601WHE	bed narrowPeak	GM12878	ENCSR000DZW	trainData	IDR thresholded peaks	RFX5	liberal
ENCFF795YOR	bed narrowPeak	HepG2	ENCSR000BRP	trainData	conservative IDR thresholded peaks	TEAD4	conservative
ENCFF841GDS	bed narrowPeak	HepG2	ENCSR000BRP	trainData	IDR thresholded peaks	TEAD4	liberal
ENCFF126EBD	bed narrowPeak	GM12878	ENCSR000BJY	trainData	conservative IDR thresholded peaks	ATF3	conservative
ENCFF882AEU	bed narrowPeak	GM12878	ENCSR000BJY	trainData	IDR thresholded peaks	ATF3	liberal
ENCFF096MGF	bed narrowPeak	K562	ENCSR000EWF	trainData	conservative IDR thresholded peaks	YY1	conservative
ENCFF589PZO	bed narrowPeak	K562	ENCSR000EWF	trainData	IDR thresholded peaks	YY1	liberal
ENCFF349IFX	bed narrowPeak	GM12878	ENCSR000BMB	trainData	conservative IDR thresholded peaks	ELF1	conservative
ENCFF146SYU	bed narrowPeak	GM12878	ENCSR000BMB	trainData	IDR thresholded peaks	ELF1	liberal
ENCFF556TOJ	bed narrowPeak	HeLa-S3	ENCSR000EDH	trainData	conservative IDR thresholded peaks	JUND	conservative
ENCFF995QMN	bed narrowPeak	HeLa-S3	ENCSR000EDH	trainData	IDR thresholded peaks	JUND	liberal
ENCFF907XCP	bed narrowPeak	HepG2	ENCSR000BHU	trainData	conservative IDR thresholded peaks	RXRA	conservative
ENCFF382YJO	bed narrowPeak	HepG2	ENCSR000BHU	trainData	IDR thresholded peaks	RXRA	liberal
ENCFF864EBU	bed narrowPeak	GM12878	ENCSR000DZO	trainData	conservative IDR thresholded peaks	NRF1	conservative
ENCFF390OQK	bed narrowPeak	GM12878	ENCSR000DZO	trainData	IDR thresholded peaks	NRF1	liberal
ENCFF681PQB	bed narrowPeak	HepG2	ENCSR000BKE	trainData	conservative IDR thresholded peaks	ATF3	conservative
ENCFF440JOS	bed narrowPeak	HepG2	ENCSR000BKE	trainData	IDR thresholded peaks	ATF3	liberal
ENCFF943CZT	bed narrowPeak	MCF-7	ENCSR000BVA	trainData	conservative IDR thresholded peaks	SRF	conservative
ENCFF131TYZ	bed narrowPeak	MCF-7	ENCSR000BVA	trainData	IDR thresholded peaks	SRF	liberal
ENCFF170RLS	bed narrowPeak	HepG2	ENCSR000EEA	trainData	conservative IDR thresholded peaks	RFX5	conservative
ENCFF141FYD	bed narrowPeak	HepG2	ENCSR000EEA	trainData	IDR thresholded peaks	RFX5	liberal
ENCFF559LTZ	bed narrowPeak	K562	ENCSR014ARU	trainData	conservative IDR thresholded peaks	ATF2	conservative
ENCFF121HYT	bed narrowPeak	K562	ENCSR014ARU	trainData	IDR thresholded peaks	ATF2	liberal
ENCFF471YUP	bed narrowPeak	K562	ENCSR000EGN	trainData	conservative IDR thresholded peaks	JUND	conservative
ENCFF306SZL	bed narrowPeak	K562	ENCSR000EGN	trainData	IDR thresholded peaks	JUND	liberal
ENCFF802CAB	bed narrowPeak	HepG2	ENCSR681WHQ	trainData	conservative IDR thresholded peaks	ETS1	conservative
ENCFF191NVV	bed narrowPeak	HepG2	ENCSR681WHQ	trainData	IDR thresholded peaks	ETS1	liberal
ENCFF698OYZ	bed narrowPeak	K562	ENCSR000DJX	trainData	conservative IDR thresholded peaks	JUND	conservative
ENCFF054AZX	bed narrowPeak	K562	ENCSR000DJX	trainData	IDR thresholded peaks	JUND	liberal
ENCFF884YAM	bed narrowPeak	K562	ENCSR000DJX	trainData	IDR thresholded peaks	JUND	liberal
ENCFF559WOL	bed narrowPeak	K562	ENCSR000DJX	trainData	IDR thresholded peaks	JUND	liberal
ENCFF190FYA	bed narrowPeak	K562	ENCSR000DJX	trainData	IDR thresholded peaks	JUND	liberal
ENCFF702EAV	bed narrowPeak	K562	ENCSR000DJX	trainData	IDR thresholded peaks	JUND	liberal
ENCFF273KIA	bed narrowPeak	K562	ENCSR000DJX	trainData	IDR thresholded peaks	JUND	liberal
ENCFF777PKJ	bed narrowPeak	K562	ENCSR998AJK	trainData	conservative IDR thresholded peaks	NRF1	conservative
ENCFF610XNG	bed narrowPeak	K562	ENCSR998AJK	trainData	IDR thresholded peaks	NRF1	liberal
ENCFF146NGT	bed narrowPeak	HepG2	ENCSR000EEL	trainData	conservative IDR thresholded peaks	TBP	conservative
ENCFF198GZQ	bed narrowPeak	HepG2	ENCSR000EEL	trainData	IDR thresholded peaks	TBP	liberal
ENCFF434PQM	bed narrowPeak	K562	ENCSR000EGO	trainData	conservative IDR thresholded peaks	RFX5	conservative
ENCFF661EUX	bed narrowPeak	K562	ENCSR000EGO	trainData	IDR thresholded peaks	RFX5	liberal
ENCFF886BDQ	bed narrowPeak	K562	ENCSR000BKQ	trainData	conservative IDR thresholded peaks	ETS1	conservative
ENCFF159OUK	bed narrowPeak	K562	ENCSR000BKQ	trainData	IDR thresholded peaks	ETS1	liberal
ENCFF771RXX	bed narrowPeak	GM12878	ENCSR331HPA	trainData	conservative IDR thresholded peaks	GABPA	conservative
ENCFF093KLR	bed narrowPeak	GM12878	ENCSR331HPA	trainData	IDR thresholded peaks	GABPA	liberal
ENCFF795QXQ	bed narrowPeak	GM12878	ENCSR000BMQ	trainData	conservative IDR thresholded peaks	EGR1	conservative
ENCFF637UJN	bed narrowPeak	GM12878	ENCSR000BMQ	trainData	IDR thresholded peaks	EGR1	liberal
ENCFF763SRL	bed narrowPeak	K562	ENCSR000DLZ	trainData	conservative IDR thresholded peaks	MYC	conservative
ENCFF739NHL	bed narrowPeak	K562	ENCSR000DLZ	trainData	IDR thresholded peaks	MYC	liberal
ENCFF406YVG	bed narrowPeak	K562	ENCSR000DLZ	trainData	IDR thresholded peaks	MYC	liberal
ENCFF625XBH	bed narrowPeak	K562	ENCSR000DLZ	trainData	IDR thresholded peaks	MYC	liberal
ENCFF960NGN	bed narrowPeak	K562	ENCSR000DLZ	trainData	IDR thresholded peaks	MYC	liberal
ENCFF280ZBV	bed narrowPeak	K562	ENCSR000DLZ	trainData	IDR thresholded peaks	MYC	liberal
ENCFF566CTX	bed narrowPeak	K562	ENCSR000DLZ	trainData	IDR thresholded peaks	MYC	liberal
ENCFF709CPG	bed narrowPeak	HeLa-S3	ENCSR000BMN	trainData	conservative IDR thresholded peaks	REST	conservative
ENCFF096JDA	bed narrowPeak	HeLa-S3	ENCSR000BMN	trainData	IDR thresholded peaks	REST	liberal
ENCFF276KPQ	bed narrowPeak	GM12878	ENCSR000BGE	trainData	conservative IDR thresholded peaks	SRF	conservative
ENCFF089YRX	bed narrowPeak	GM12878	ENCSR000BGE	trainData	IDR thresholded peaks	SRF	liberal
ENCFF397SOD	bed narrowPeak	K562	ENCSR000BNW	trainData	conservative IDR thresholded peaks	SIX5	conservative
ENCFF754ZWP	bed narrowPeak	K562	ENCSR000BNW	trainData	IDR thresholded peaks	SIX5	liberal
ENCFF498BRE	bed narrowPeak	K562	ENCSR000EFS	trainData	conservative IDR thresholded peaks	JUN	conservative
ENCFF190CGV	bed narrowPeak	K562	ENCSR000EFS	trainData	IDR thresholded peaks	JUN	liberal
ENCFF694LNO	bed narrowPeak	HepG2	ENCSR000BNT	trainData	conservative IDR thresholded peaks	YY1	conservative
ENCFF958OUE	bed narrowPeak	HepG2	ENCSR000BNT	trainData	IDR thresholded peaks	YY1	liberal
ENCFF320PLB	bed narrowPeak	GM12878	ENCSR000EUM	trainData	conservative IDR thresholded peaks	YY1	conservative
ENCFF258UEW	bed narrowPeak	GM12878	ENCSR000EUM	trainData	IDR thresholded peaks	YY1	liberal
ENCFF259ECH	bed narrowPeak	HepG2	ENCSR000EEB	trainData	conservative IDR thresholded peaks	MAFK	conservative
ENCFF654RRF	bed narrowPeak	HepG2	ENCSR000EEB	trainData	IDR thresholded peaks	MAFK	liberal
ENCFF751VAZ	bed narrowPeak	MCF-7	ENCSR000BUO	trainData	conservative IDR thresholded peaks	TEAD4	conservative
ENCFF849ZRM	bed narrowPeak	MCF-7	ENCSR000BUO	trainData	IDR thresholded peaks	TEAD4	liberal
ENCFF091WVG	bed narrowPeak	K562	ENCSR000EGZ	trainData	conservative IDR thresholded peaks	MXI1	conservative
ENCFF068IGH	bed narrowPeak	K562	ENCSR000EGZ	trainData	IDR thresholded peaks	MXI1	liberal
ENCFF188OEK	bed narrowPeak	K562	ENCSR000EGX	trainData	conservative IDR thresholded peaks	MAFK	conservative
ENCFF439TJM	bed narrowPeak	K562	ENCSR000EGX	trainData	IDR thresholded peaks	MAFK	liberal
ENCFF603XQM	bed narrowPeak	MCF-7	ENCSR000BUL	trainData	conservative IDR thresholded peaks	MAX	conservative
ENCFF624CRN	bed narrowPeak	MCF-7	ENCSR000BUL	trainData	IDR thresholded peaks	MAX	liberal
ENCFF193FQT	bed narrowPeak	K562	ENCSR000BMH	trainData	conservative IDR thresholded peaks	YY1	conservative
ENCFF398UQZ	bed narrowPeak	K562	ENCSR000BMH	trainData	IDR thresholded peaks	YY1	liberal
ENCFF066CIG	bed narrowPeak	MCF-7	ENCSR555PBN	trainData	conservative IDR thresholded peaks	MAFK	conservative
ENCFF425GWD	bed narrowPeak	MCF-7	ENCSR555PBN	trainData	IDR thresholded peaks	MAFK	liberal
ENCFF247QYO	bed narrowPeak	GM12878	ENCSR000BNP	trainData	conservative IDR thresholded peaks	YY1	conservative
ENCFF446ZSX	bed narrowPeak	GM12878	ENCSR000BNP	trainData	IDR thresholded peaks	YY1	liberal
ENCFF126YZM	bed narrowPeak	K562	ENCSR000ATM	trainData	conservative IDR thresholded peaks	REST	conservative
ENCFF128XAR	bed narrowPeak	K562	ENCSR000ATM	trainData	IDR thresholded peaks	REST	liberal
ENCFF077SZR	bed narrowPeak	K562	ENCSR000ATM	trainData	IDR thresholded peaks	REST	liberal
ENCFF321FXG	bed narrowPeak	K562	ENCSR000ATM	trainData	IDR thresholded peaks	REST	liberal
ENCFF053XIP	bed narrowPeak	K562	ENCSR000ATM	trainData	IDR thresholded peaks	REST	liberal
ENCFF539MIO	bed narrowPeak	K562	ENCSR000ATM	trainData	IDR thresholded peaks	REST	liberal
ENCFF377BCP	bed narrowPeak	K562	ENCSR000ATM	trainData	IDR thresholded peaks	REST	liberal
ENCFF664GSV	bed narrowPeak	K562	ENCSR000EGJ	trainData	conservative IDR thresholded peaks	MYC	conservative
ENCFF608CXN	bed narrowPeak	K562	ENCSR000EGJ	trainData	IDR thresholded peaks	MYC	liberal
ENCFF679COG	bed narrowPeak	K562	ENCSR000BKT	trainData	conservative IDR thresholded peaks	USF1	conservative
ENCFF310CCS	bed narrowPeak	K562	ENCSR000BKT	trainData	IDR thresholded peaks	USF1	liberal
ENCFF401UHX	bed narrowPeak	HepG2	ENCSR000BJX	trainData	conservative IDR thresholded peaks	SP1	conservative
ENCFF806TIM	bed narrowPeak	HepG2	ENCSR000BJX	trainData	IDR thresholded peaks	SP1	liberal
ENCFF966IUK	bed narrowPeak	GM12878	ENCSR000BQK	trainData	conservative IDR thresholded peaks	ATF2	conservative
ENCFF973FKS	bed narrowPeak	GM12878	ENCSR000BQK	trainData	IDR thresholded peaks	ATF2	liberal
ENCFF337SMP	bed narrowPeak	HepG2	ENCSR689JMY	trainData	conservative IDR thresholded peaks	NRF1	conservative
ENCFF348EDE	bed narrowPeak	HepG2	ENCSR689JMY	trainData	IDR thresholded peaks	NRF1	liberal
ENCFF528QDU	bed narrowPeak	K562	ENCSR000BKO	trainData	conservative IDR thresholded peaks	SP1	conservative
ENCFF171NEU	bed narrowPeak	K562	ENCSR000BKO	trainData	IDR thresholded peaks	SP1	liberal
ENCFF564EIZ	bed narrowPeak	HeLa-S3	ENCSR000EVK	trainData	conservative IDR thresholded peaks	E2F6	conservative
ENCFF160MCO	bed narrowPeak	HeLa-S3	ENCSR000EVK	trainData	IDR thresholded peaks	E2F6	liberal
ENCFF491IRF	bed narrowPeak	K562	ENCSR000EWJ	trainData	conservative IDR thresholded peaks	E2F6	conservative
ENCFF085GHX	bed narrowPeak	K562	ENCSR000EWJ	trainData	IDR thresholded peaks	E2F6	liberal
ENCFF921LXS	bed narrowPeak	HepG2	ENCSR000EVR	trainData	conservative IDR thresholded peaks	ZNF274	conservative
ENCFF362PMI	bed narrowPeak	HepG2	ENCSR000EVR	trainData	IDR thresholded peaks	ZNF274	liberal
ENCFF880POK	bed narrowPeak	MCF-7	ENCSR000BSU	trainData	conservative IDR thresholded peaks	JUND	conservative
ENCFF398OOD	bed narrowPeak	MCF-7	ENCSR000BSU	trainData	IDR thresholded peaks	JUND	liberal
ENCFF671WVR	bed narrowPeak	K562	ENCSR471WXT	trainData	conservative IDR thresholded peaks	CREB1	conservative
ENCFF970QKS	bed narrowPeak	K562	ENCSR471WXT	trainData	IDR thresholded peaks	CREB1	liberal
ENCFF246USC	bed narrowPeak	K562	ENCSR568ZXG	trainData	conservative IDR thresholded peaks	ATF3	conservative
ENCFF122HFP	bed narrowPeak	K562	ENCSR568ZXG	trainData	IDR thresholded peaks	ATF3	liberal
ENCFF343KZD	bed narrowPeak	K562	ENCSR000FAG	trainData	conservative IDR thresholded peaks	MYC	conservative
ENCFF675PHY	bed narrowPeak	K562	ENCSR000FAG	trainData	IDR thresholded peaks	MYC	liberal
ENCFF123NLG	bed narrowPeak	HeLa-S3	ENCSR000EZF	trainData	conservative IDR thresholded peaks	MAX	conservative
ENCFF312QAX	bed narrowPeak	HeLa-S3	ENCSR000EZF	trainData	IDR thresholded peaks	MAX	liberal
ENCFF561QKK	bed narrowPeak	K562	ENCSR000BRQ	trainData	conservative IDR thresholded peaks	CEBPB	conservative
ENCFF022KBK	bed narrowPeak	K562	ENCSR000BRQ	trainData	IDR thresholded peaks	CEBPB	liberal
ENCFF156OCY	bed narrowPeak	GM12878	ENCSR000BRX	trainData	conservative IDR thresholded peaks	CEBPB	conservative
ENCFF955YFB	bed narrowPeak	GM12878	ENCSR000BRX	trainData	IDR thresholded peaks	CEBPB	liberal
ENCFF590XME	bed narrowPeak	K562	ENCSR000BMD	trainData	conservative IDR thresholded peaks	ELF1	conservative
ENCFF688TNZ	bed narrowPeak	K562	ENCSR000BMD	trainData	IDR thresholded peaks	ELF1	liberal
ENCFF458PBB	bed narrowPeak	HepG2	ENCSR000EDZ	trainData	conservative IDR thresholded peaks	MAFK	conservative
ENCFF065KFR	bed narrowPeak	HepG2	ENCSR000EDZ	trainData	IDR thresholded peaks	MAFK	liberal
ENCFF432LMY	bed narrowPeak	K562	ENCSR000FAH	trainData	conservative IDR thresholded peaks	JUN	conservative
ENCFF589QXC	bed narrowPeak	K562	ENCSR000FAH	trainData	IDR thresholded peaks	JUN	liberal
ENCFF913XQO	bed narrowPeak	K562	ENCSR787CHF	trainData	conservative IDR thresholded peaks	USF1	conservative
ENCFF255QDL	bed narrowPeak	K562	ENCSR787CHF	trainData	IDR thresholded peaks	USF1	liberal
ENCFF858NWA	bed narrowPeak	K562	ENCSR372IML	trainData	conservative IDR thresholded peaks	SP1	conservative
ENCFF412ERW	bed narrowPeak	K562	ENCSR372IML	trainData	IDR thresholded peaks	SP1	liberal
ENCFF281QXD	bed narrowPeak	HepG2	ENCSR000BJG	trainData	conservative IDR thresholded peaks	TCF12	conservative
ENCFF373UVF	bed narrowPeak	HepG2	ENCSR000BJG	trainData	IDR thresholded peaks	TCF12	liberal
ENCFF688QPS	bed narrowPeak	GM12878	ENCSR000BGI	trainData	conservative IDR thresholded peaks	USF1	conservative
ENCFF879TPT	bed narrowPeak	GM12878	ENCSR000BGI	trainData	IDR thresholded peaks	USF1	liberal
ENCFF825BIG	bed narrowPeak	GM12878	ENCSR000DYS	trainData	conservative IDR thresholded peaks	JUND	conservative
ENCFF134BQO	bed narrowPeak	GM12878	ENCSR000DYS	trainData	IDR thresholded peaks	JUND	liberal
ENCFF609UTS	bed narrowPeak	K562	ENCSR000EHA	trainData	conservative IDR thresholded peaks	TBP	conservative
ENCFF886PVT	bed narrowPeak	HepG2	ENCSR000EEE	trainData	conservative IDR thresholded peaks	CEBPB	conservative
ENCFF157DSR	bed narrowPeak	HepG2	ENCSR000EEE	trainData	IDR thresholded peaks	CEBPB	liberal
ENCFF673TEA	bed narrowPeak	K562	ENCSR869IUD	trainData	conservative IDR thresholded peaks	ATF2	conservative
ENCFF192ASP	bed narrowPeak	K562	ENCSR869IUD	trainData	IDR thresholded peaks	ATF2	liberal
ENCFF718AYW	bed narrowPeak	MCF-7	ENCSR176EXN	trainData	conservative IDR thresholded peaks	JUN	conservative
ENCFF769TUY	bed narrowPeak	MCF-7	ENCSR176EXN	trainData	IDR thresholded peaks	JUN	liberal
ENCFF309EWT	bed narrowPeak	K562	ENCSR946WBN	trainData	conservative IDR thresholded peaks	JUN	conservative
ENCFF865UPM	bed narrowPeak	K562	ENCSR946WBN	trainData	IDR thresholded peaks	JUN	liberal
ENCFF348LKE	bed narrowPeak	GM12878	ENCSR000BGF	trainData	conservative IDR thresholded peaks	REST	conservative
ENCFF975LZF	bed narrowPeak	GM12878	ENCSR000BGF	trainData	IDR thresholded peaks	REST	liberal
ENCFF738BAA	bed narrowPeak	GM12878	ENCSR000EYV	trainData	conservative IDR thresholded peaks	JUND	conservative
ENCFF023QWA	bed narrowPeak	GM12878	ENCSR000EYV	trainData	IDR thresholded peaks	JUND	liberal
ENCFF902TDN	bed narrowPeak	K562	ENCSR000DOG	trainData	conservative IDR thresholded peaks	ATF3	conservative
ENCFF895RNS	bed narrowPeak	K562	ENCSR000DOG	trainData	IDR thresholded peaks	ATF3	liberal
ENCFF299ZUK	bed narrowPeak	HepG2	ENCSR000BLV	trainData	conservative IDR thresholded peaks	SRF	conservative
ENCFF050QMU	bed narrowPeak	HepG2	ENCSR000BLV	trainData	IDR thresholded peaks	SRF	liberal
ENCFF049TRE	bed narrowPeak	K562	ENCSR000BMV	trainData	conservative IDR thresholded peaks	FOSL1	conservative
ENCFF004HXL	bed narrowPeak	K562	ENCSR000BMV	trainData	IDR thresholded peaks	FOSL1	liberal
ENCFF175SNC	bed narrowPeak	GM12878	ENCSR000BJE	trainData	conservative IDR thresholded peaks	SIX5	conservative
ENCFF878FBM	bed narrowPeak	GM12878	ENCSR000BJE	trainData	IDR thresholded peaks	SIX5	liberal
ENCFF043DXF	bed narrowPeak	GM12878	ENCSR000DYV	trainData	conservative IDR thresholded peaks	MAFK	conservative
ENCFF436SJS	bed narrowPeak	GM12878	ENCSR000DYV	trainData	IDR thresholded peaks	MAFK	liberal
ENCFF839QBV	bed narrowPeak	HeLa-S3	ENCSR000EZD	trainData	conservative IDR thresholded peaks	MYC	conservative
ENCFF515BTV	bed narrowPeak	HeLa-S3	ENCSR000EZD	trainData	IDR thresholded peaks	MYC	liberal
ENCFF259YUE	bed narrowPeak	K562	ENCSR837EYC	trainData	conservative IDR thresholded peaks	NRF1	conservative
ENCFF643FTO	bed narrowPeak	K562	ENCSR837EYC	trainData	IDR thresholded peaks	NRF1	liberal
ENCFF251RJB	bed narrowPeak	HepG2	ENCSR000BGM	trainData	conservative IDR thresholded peaks	USF1	conservative
ENCFF712AVW	bed narrowPeak	HepG2	ENCSR000BGM	trainData	IDR thresholded peaks	USF1	liberal
ENCFF577XUM	bed narrowPeak	HepG2	ENCSR000BGK	trainData	conservative IDR thresholded peaks	JUND	conservative
ENCFF305OER	bed narrowPeak	HepG2	ENCSR000BGK	trainData	IDR thresholded peaks	JUND	liberal
ENCFF496OXI	bed narrowPeak	K562	ENCSR000BLP	trainData	conservative IDR thresholded peaks	MAX	conservative
ENCFF822FKQ	bed narrowPeak	K562	ENCSR000BLP	trainData	IDR thresholded peaks	MAX	liberal
ENCFF575ZLF	bed narrowPeak	GM12878	ENCSR000BJD	trainData	conservative IDR thresholded peaks	RXRA	conservative
ENCFF063KLF	bed narrowPeak	GM12878	ENCSR000BJD	trainData	IDR thresholded peaks	RXRA	liberal
ENCFF614OPT	bed narrowPeak	HeLa-S3	ENCSR000DLN	trainData	conservative IDR thresholded peaks	MYC	conservative
ENCFF784BWK	bed narrowPeak	HeLa-S3	ENCSR000DLN	trainData	IDR thresholded peaks	MYC	liberal
ENCFF518MLS	bed narrowPeak	MCF-7	ENCSR000BUN	trainData	conservative IDR thresholded peaks	TCF12	conservative
ENCFF987QLI	bed narrowPeak	MCF-7	ENCSR000BUN	trainData	IDR thresholded peaks	TCF12	liberal
ENCFF765CKK	bed narrowPeak	GM12878	ENCSR000DKU	trainData	conservative IDR thresholded peaks	MYC	conservative
ENCFF214XPD	bed narrowPeak	GM12878	ENCSR000DKU	trainData	IDR thresholded peaks	MYC	liberal
ENCFF044SHI	bed narrowPeak	K562	ENCSR000BKU	trainData	conservative IDR thresholded peaks	YY1	conservative
ENCFF074OAM	bed narrowPeak	K562	ENCSR000BKU	trainData	IDR thresholded peaks	YY1	liberal
ENCFF717JGJ	bed narrowPeak	HepG2	ENCSR000BQI	trainData	conservative IDR thresholded peaks	CEBPB	conservative
ENCFF301CNM	bed narrowPeak	HepG2	ENCSR000BQI	trainData	IDR thresholded peaks	CEBPB	liberal
ENCFF427RIM	bed narrowPeak	K562	ENCSR359NFW	trainData	conservative IDR thresholded peaks	USF2	conservative
ENCFF640ZIN	bed narrowPeak	K562	ENCSR359NFW	trainData	IDR thresholded peaks	USF2	liberal
ENCFF800ZTT	bed narrowPeak	HepG2	ENCSR000BTM	trainData	conservative IDR thresholded peaks	MAX	conservative
ENCFF104FEX	bed narrowPeak	HepG2	ENCSR000BTM	trainData	IDR thresholded peaks	MAX	liberal
ENCFF212DAY	bed narrowPeak	HeLa-S3	ENCSR000ECK	trainData	conservative IDR thresholded peaks	MAFK	conservative
ENCFF425IRA	bed narrowPeak	HeLa-S3	ENCSR000ECK	trainData	IDR thresholded peaks	MAFK	liberal
ENCFF038AVV	bed narrowPeak	GM12878	ENCSR000BHK	trainData	IDR thresholded peaks	SP1	liberal
ENCFF240JZI	bed narrowPeak	K562	ENCSR000BNL	trainData	conservative IDR thresholded peaks	SP2	conservative
ENCFF741FZG	bed narrowPeak	K562	ENCSR000BNL	trainData	IDR thresholded peaks	SP2	liberal
ENCFF120RKU	bed narrowPeak	K562	ENCSR000BLI	trainData	conservative IDR thresholded peaks	E2F6	conservative
ENCFF831NDQ	bed narrowPeak	K562	ENCSR000BLI	trainData	IDR thresholded peaks	E2F6	liberal
ENCFF707KEM	bed narrowPeak	HepG2	ENCSR168DYA	trainData	conservative IDR thresholded peaks	MAX	conservative
ENCFF254ZDA	bed narrowPeak	HepG2	ENCSR168DYA	trainData	IDR thresholded peaks	MAX	liberal
ENCFF887JWQ	bed narrowPeak	K562	ENCSR000EGD	trainData	conservative IDR thresholded peaks	BACH1	conservative
ENCFF026BDA	bed narrowPeak	K562	ENCSR000EGD	trainData	IDR thresholded peaks	BACH1	liberal
ENCFF956VBW	bed narrowPeak	K562	ENCSR000BLO	trainData	conservative IDR thresholded peaks	GABPA	conservative
ENCFF489EME	bed narrowPeak	K562	ENCSR000BLO	trainData	IDR thresholded peaks	GABPA	liberal
ENCFF893DND	bed narrowPeak	HeLa-S3	ENCSR000EDA	trainData	conservative IDR thresholded peaks	CEBPB	conservative
ENCFF014TJO	bed narrowPeak	HeLa-S3	ENCSR000EDA	trainData	IDR thresholded peaks	CEBPB	liberal
ENCFF666GZL	bed narrowPeak	GM12878	ENCSR000DZU	trainData	conservative IDR thresholded peaks	USF2	conservative
ENCFF196JQW	bed narrowPeak	GM12878	ENCSR000DZU	trainData	IDR thresholded peaks	USF2	liberal
ENCFF097IOD	bed narrowPeak	HeLa-S3	ENCSR000EDG	trainData	conservative IDR thresholded peaks	JUN	conservative
ENCFF806AQE	bed narrowPeak	HeLa-S3	ENCSR000EDG	trainData	IDR thresholded peaks	JUN	liberal
ENCFF841ZKW	bed narrowPeak	MCF-7	ENCSR620DUQ	trainData	conservative IDR thresholded peaks	CREB1	conservative
ENCFF599FYT	bed narrowPeak	MCF-7	ENCSR620DUQ	trainData	IDR thresholded peaks	CREB1	liberal
ENCFF355KJO	bed narrowPeak	HepG2	ENCSR747VUU	trainData	conservative IDR thresholded peaks	JUN	conservative
ENCFF636SGK	bed narrowPeak	HepG2	ENCSR747VUU	trainData	IDR thresholded peaks	JUN	liberal
ENCFF684YPC	bed narrowPeak	MCF-7	ENCSR475SOC	trainData	conservative IDR thresholded peaks	ELF1	conservative
ENCFF763LNJ	bed narrowPeak	MCF-7	ENCSR475SOC	trainData	IDR thresholded peaks	ELF1	liberal
ENCFF395KVX	bed narrowPeak	MCF-7	ENCSR729LGA	trainData	conservative IDR thresholded peaks	SP1	conservative
ENCFF932UJX	bed narrowPeak	MCF-7	ENCSR729LGA	trainData	IDR thresholded peaks	SP1	liberal
ENCFF935CJP	bed narrowPeak	HepG2	ENCSR798KXG	trainData	conservative IDR thresholded peaks	TBP	conservative
ENCFF196KRF	bed narrowPeak	HepG2	ENCSR798KXG	trainData	IDR thresholded peaks	TBP	liberal
ENCFF136DDO	bed narrowPeak	K562	ENCSR024CNP	trainData	conservative IDR thresholded peaks	EGR1	conservative
ENCFF298DXR	bed narrowPeak	K562	ENCSR024CNP	trainData	IDR thresholded peaks	EGR1	liberal
ENCFF776HYP	bed narrowPeak	HepG2	ENCSR269TNX	trainData	conservative IDR thresholded peaks	GABPA	conservative
ENCFF652FKO	bed narrowPeak	HepG2	ENCSR269TNX	trainData	IDR thresholded peaks	GABPA	liberal
ENCFF784KPL	bed narrowPeak	GM12878	ENCSR636MKU	trainData	conservative IDR thresholded peaks	BACH1	conservative
ENCFF812RFB	bed narrowPeak	GM12878	ENCSR636MKU	trainData	IDR thresholded peaks	BACH1	liberal
ENCFF631RZH	bed narrowPeak	GM12878	ENCSR636MKU	trainData	IDR thresholded peaks	BACH1	liberal
ENCFF561GNR	bed narrowPeak	GM12878	ENCSR636MKU	trainData	IDR thresholded peaks	BACH1	liberal
ENCFF865OTB	bed narrowPeak	HepG2	ENCSR908HWZ	trainData	conservative IDR thresholded peaks	ATF2	conservative
ENCFF522LHU	bed narrowPeak	HepG2	ENCSR908HWZ	trainData	IDR thresholded peaks	ATF2	liberal
ENCFF891BJN	bed narrowPeak	HepG2	ENCSR402ZCY	trainData	conservative IDR thresholded peaks	ATF3	conservative
ENCFF349HIP	bed narrowPeak	HepG2	ENCSR402ZCY	trainData	IDR thresholded peaks	ATF3	liberal
ENCFF256NXT	bed narrowPeak	K562	ENCSR239ZLZ	trainData	conservative IDR thresholded peaks	FOSL1	conservative
ENCFF155DSJ	bed narrowPeak	K562	ENCSR239ZLZ	trainData	IDR thresholded peaks	FOSL1	liberal
ENCFF769NZQ	bed narrowPeak	HepG2	ENCSR026GSW	trainData	conservative IDR thresholded peaks	EGR1	conservative
ENCFF603PUS	bed narrowPeak	HepG2	ENCSR026GSW	trainData	IDR thresholded peaks	EGR1	liberal
ENCFF489JJP	bed narrowPeak	K562	ENCSR504HOI	trainData	conservative IDR thresholded peaks	SRF	conservative
ENCFF557NNU	bed narrowPeak	K562	ENCSR504HOI	trainData	IDR thresholded peaks	SRF	liberal
ENCFF605YAE	bed narrowPeak	K562	ENCSR504HOI	trainData	IDR thresholded peaks	SRF	liberal
ENCFF716OTE	bed narrowPeak	K562	ENCSR504HOI	trainData	IDR thresholded peaks	SRF	liberal
ENCFF301OEA	bed narrowPeak	K562	ENCSR189TRZ	trainData	conservative IDR thresholded peaks	TCF12	conservative
ENCFF504PFQ	bed narrowPeak	K562	ENCSR189TRZ	trainData	IDR thresholded peaks	TCF12	liberal
ENCFF489QRS	bed narrowPeak	GM12878	ENCSR041XML	trainData	conservative IDR thresholded peaks	SRF	conservative
ENCFF432PLY	bed narrowPeak	GM12878	ENCSR041XML	trainData	IDR thresholded peaks	SRF	liberal
ENCFF766ULD	bed narrowPeak	HepG2	ENCSR946RZN	trainData	conservative IDR thresholded peaks	SP2	conservative
ENCFF480YAW	bed narrowPeak	HepG2	ENCSR946RZN	trainData	IDR thresholded peaks	SP2	liberal
ENCFF316YSV	bed narrowPeak	K562	ENCSR975SSR	trainData	conservative IDR thresholded peaks	ELF1	conservative
ENCFF133TSU	bed narrowPeak	K562	ENCSR975SSR	trainData	IDR thresholded peaks	ELF1	liberal
ENCFF924LKA	bed narrowPeak	HepG2	ENCSR047BUZ	trainData	conservative IDR thresholded peaks	ATF2	conservative
ENCFF994LMJ	bed narrowPeak	HepG2	ENCSR047BUZ	trainData	IDR thresholded peaks	ATF2	liberal
ENCFF243XDG	bed narrowPeak	K562	ENCSR582IAO	trainData	conservative IDR thresholded peaks	SRF	conservative
ENCFF087EVW	bed narrowPeak	K562	ENCSR582IAO	trainData	IDR thresholded peaks	SRF	liberal
ENCFF107DBQ	bed narrowPeak	K562	ENCSR632DCH	trainData	conservative IDR thresholded peaks	ATF3	conservative
ENCFF274SLL	bed narrowPeak	K562	ENCSR632DCH	trainData	IDR thresholded peaks	ATF3	liberal
ENCFF612EIU	bed narrowPeak	GM12878	ENCSR000BRG	trainData	IDR thresholded peaks	EGR1	liberal
ENCFF243RMX	bed narrowPeak	HepG2	ENCSR871VNN	trainData	conservative IDR thresholded peaks	ZNF274	conservative
ENCFF823WVL	bed narrowPeak	HepG2	ENCSR871VNN	trainData	IDR thresholded peaks	ZNF274	liberal
ENCFF759SUT	bed narrowPeak	HepG2	ENCSR145QNL	trainData	conservative IDR thresholded peaks	USF2	conservative
ENCFF458AZS	bed narrowPeak	HepG2	ENCSR145QNL	trainData	IDR thresholded peaks	USF2	liberal
ENCFF574HYI	bed narrowPeak	HepG2	ENCSR672BSA	trainData	conservative IDR thresholded peaks	ETS1	conservative
ENCFF697NJT	bed narrowPeak	HepG2	ENCSR672BSA	trainData	IDR thresholded peaks	ETS1	liberal
ENCFF434MTN	bed narrowPeak	MCF-7	ENCSR502NRF	trainData	conservative IDR thresholded peaks	ELF1	conservative
ENCFF989DLF	bed narrowPeak	MCF-7	ENCSR502NRF	trainData	IDR thresholded peaks	ELF1	liberal
ENCFF640AKG	bed narrowPeak	K562	ENCSR211LTF	trainData	conservative IDR thresholded peaks	EGR1	conservative
ENCFF108MQY	bed narrowPeak	K562	ENCSR211LTF	trainData	IDR thresholded peaks	EGR1	liberal
ENCFF048LKP	bed narrowPeak	HepG2	ENCSR099FCQ	trainData	conservative IDR thresholded peaks	USF1	conservative
ENCFF442JPI	bed narrowPeak	HepG2	ENCSR099FCQ	trainData	IDR thresholded peaks	USF1	liberal
ENCFF342RNH	bed narrowPeak	GM12878	ENCSR725VFL	trainData	conservative IDR thresholded peaks	TCF12	conservative
ENCFF154RAJ	bed narrowPeak	GM12878	ENCSR725VFL	trainData	IDR thresholded peaks	TCF12	liberal
ENCFF141OOG	bed narrowPeak	GM12878	ENCSR841NDX	trainData	conservative IDR thresholded peaks	ELF1	conservative
ENCFF479HJF	bed narrowPeak	GM12878	ENCSR841NDX	trainData	IDR thresholded peaks	ELF1	liberal
ENCFF043WTJ	bed narrowPeak	K562	ENCSR744JJU	trainData	conservative IDR thresholded peaks	MYC	conservative
ENCFF114VAI	bed narrowPeak	K562	ENCSR744JJU	trainData	IDR thresholded peaks	MYC	liberal
ENCFF518GBI	bed narrowPeak	HepG2	ENCSR894SXR	trainData	conservative IDR thresholded peaks	TCF12	conservative
ENCFF429ZSH	bed narrowPeak	HepG2	ENCSR894SXR	trainData	IDR thresholded peaks	TCF12	liberal
ENCFF878UDX	bed bed3+	Jurkat	ENCSR926YZJ	testData	optimal IDR thresholded peaks	ETS1	liberal
ENCFF614CNF	bed bed3+	Jurkat	ENCSR485TUA	testData	optimal IDR thresholded peaks	ELF1	liberal
ENCFF656RTD	bed narrowPeak	H1	ENCSR000EUP	testData	conservative IDR thresholded peaks	MAX	conservative
ENCFF994IHO	bed narrowPeak	H1	ENCSR000EUP	testData	IDR thresholded peaks	MAX	liberal
ENCFF282ACG	bed narrowPeak	H1	ENCSR000BJW	testData	conservative IDR thresholded peaks	RXRA	conservative
ENCFF745EBL	bed narrowPeak	H1	ENCSR000BJW	testData	IDR thresholded peaks	RXRA	liberal
ENCFF618CYB	bed narrowPeak	H1	ENCSR000ECA	testData	conservative IDR thresholded peaks	JUN	conservative
ENCFF821GUI	bed narrowPeak	H1	ENCSR000ECA	testData	IDR thresholded peaks	JUN	liberal
ENCFF755NTJ	bed narrowPeak	H1	ENCSR663WAR	testData	conservative IDR thresholded peaks	REST	conservative
ENCFF649VNE	bed narrowPeak	H1	ENCSR663WAR	testData	IDR thresholded peaks	REST	liberal
ENCFF032EGQ	bed narrowPeak	H1	ENCSR000BIV	testData	conservative IDR thresholded peaks	SRF	conservative
ENCFF648QJE	bed narrowPeak	H1	ENCSR000BIV	testData	IDR thresholded peaks	SRF	liberal
ENCFF539NZX	bed narrowPeak	H1	ENCSR000EBV	testData	conservative IDR thresholded peaks	CEBPB	conservative
ENCFF823KCM	bed narrowPeak	H1	ENCSR000EBV	testData	IDR thresholded peaks	CEBPB	liberal
ENCFF049SMR	bed narrowPeak	H1	ENCSR000DLI	testData	IDR thresholded peaks	MYC	liberal
ENCFF914NEO	bed narrowPeak	H1	ENCSR000BQG	testData	conservative IDR thresholded peaks	SP2	conservative
ENCFF309QRC	bed narrowPeak	H1	ENCSR000BQG	testData	IDR thresholded peaks	SP2	liberal
ENCFF327BAM	bed narrowPeak	H1	ENCSR000EBR	testData	conservative IDR thresholded peaks	MXI1	conservative
ENCFF727RNJ	bed narrowPeak	H1	ENCSR000EBR	testData	IDR thresholded peaks	MXI1	liberal
ENCFF305PPC	bed narrowPeak	H1	ENCSR000BIR	testData	conservative IDR thresholded peaks	SP1	conservative
ENCFF284JVS	bed narrowPeak	H1	ENCSR000BIR	testData	IDR thresholded peaks	SP1	liberal
ENCFF790TMY	bed narrowPeak	H1	ENCSR000BSJ	testData	conservative IDR thresholded peaks	MAX	conservative
ENCFF460LNS	bed narrowPeak	H1	ENCSR000BSJ	testData	IDR thresholded peaks	MAX	liberal
ENCFF700CXD	bed narrowPeak	H1	ENCSR000EBY	testData	conservative IDR thresholded peaks	MYC	conservative
ENCFF270GMO	bed narrowPeak	H1	ENCSR000EBY	testData	IDR thresholded peaks	MYC	liberal
ENCFF983HWQ	bed narrowPeak	H1	ENCSR000BNS	testData	conservative IDR thresholded peaks	FOSL1	conservative
ENCFF428RHR	bed narrowPeak	H1	ENCSR000BNS	testData	IDR thresholded peaks	FOSL1	liberal
ENCFF242CSG	bed narrowPeak	H1	ENCSR000BIW	testData	conservative IDR thresholded peaks	GABPA	conservative
ENCFF308NZT	bed narrowPeak	H1	ENCSR000BIW	testData	IDR thresholded peaks	GABPA	liberal
ENCFF579PBA	bed narrowPeak	H1	ENCSR000BKP	testData	conservative IDR thresholded peaks	JUND	conservative
ENCFF443FKS	bed narrowPeak	H1	ENCSR000BKP	testData	IDR thresholded peaks	JUND	liberal
ENCFF020REU	bed narrowPeak	H1	ENCSR000ECD	testData	conservative IDR thresholded peaks	USF2	conservative
ENCFF346KIW	bed narrowPeak	H1	ENCSR000ECD	testData	IDR thresholded peaks	USF2	liberal
ENCFF114USK	bed narrowPeak	H1	ENCSR000ECB	testData	conservative IDR thresholded peaks	TBP	conservative
ENCFF817TGF	bed narrowPeak	H1	ENCSR000ECB	testData	IDR thresholded peaks	TBP	liberal
ENCFF008UIY	bed narrowPeak	H1	ENCSR000BJA	testData	conservative IDR thresholded peaks	EGR1	conservative
ENCFF100KKH	bed narrowPeak	H1	ENCSR000BJA	testData	IDR thresholded peaks	EGR1	liberal
ENCFF994VZH	bed narrowPeak	H1	ENCSR000BHM	testData	conservative IDR thresholded peaks	REST	conservative
ENCFF738LQB	bed narrowPeak	H1	ENCSR000BHM	testData	IDR thresholded peaks	REST	liberal
ENCFF132TPQ	bed narrowPeak	H1	ENCSR000ECF	testData	conservative IDR thresholded peaks	RFX5	conservative
ENCFF142NQQ	bed narrowPeak	H1	ENCSR000ECF	testData	IDR thresholded peaks	RFX5	liberal
ENCFF711HUJ	bed narrowPeak	H1	ENCSR000EBS	testData	conservative IDR thresholded peaks	MAFK	conservative
ENCFF710YJK	bed narrowPeak	H1	ENCSR000EBS	testData	IDR thresholded peaks	MAFK	liberal
ENCFF113BTA	bed narrowPeak	H1	ENCSR000BKD	testData	conservative IDR thresholded peaks	YY1	conservative
ENCFF376FVJ	bed narrowPeak	H1	ENCSR000BKD	testData	IDR thresholded peaks	YY1	liberal
ENCFF246DXA	bed narrowPeak	H1	ENCSR000BKC	testData	conservative IDR thresholded peaks	ATF3	conservative
ENCFF440FTA	bed narrowPeak	H1	ENCSR000BKC	testData	IDR thresholded peaks	ATF3	liberal
ENCFF892OYQ	bed narrowPeak	H1	ENCSR000EBZ	testData	conservative IDR thresholded peaks	JUND	conservative
ENCFF287KKY	bed narrowPeak	H1	ENCSR000EBZ	testData	IDR thresholded peaks	JUND	liberal
ENCFF312KDM	bed narrowPeak	H1	ENCSR000EBQ	testData	conservative IDR thresholded peaks	BACH1	conservative
ENCFF749UPP	bed narrowPeak	H1	ENCSR000EBQ	testData	IDR thresholded peaks	BACH1	liberal
ENCFF851CCU	bed narrowPeak	H1	ENCSR000BIT	testData	conservative IDR thresholded peaks	TCF12	conservative
ENCFF959HJP	bed narrowPeak	H1	ENCSR000BIT	testData	IDR thresholded peaks	TCF12	liberal
ENCFF159KZY	bed narrowPeak	H1	ENCSR000BRY	testData	conservative IDR thresholded peaks	TEAD4	conservative
ENCFF885PQR	bed narrowPeak	H1	ENCSR000BRY	testData	IDR thresholded peaks	TEAD4	liberal
ENCFF780FSK	bed narrowPeak	H1	ENCSR000ECC	testData	conservative IDR thresholded peaks	NRF1	conservative
ENCFF414RES	bed narrowPeak	H1	ENCSR000ECC	testData	IDR thresholded peaks	NRF1	liberal
ENCFF822YLB	bed narrowPeak	H1	ENCSR000EUN	testData	conservative IDR thresholded peaks	ZNF274	conservative
ENCFF718OGI	bed narrowPeak	H1	ENCSR000EUN	testData	IDR thresholded peaks	ZNF274	liberal
ENCFF903OYT	bed narrowPeak	H1	ENCSR000BIQ	testData	conservative IDR thresholded peaks	SIX5	conservative
ENCFF384KWP	bed narrowPeak	H1	ENCSR000BIQ	testData	IDR thresholded peaks	SIX5	liberal
ENCFF109KGK	bed narrowPeak	H1	ENCSR000BSI	testData	conservative IDR thresholded peaks	E2F6	conservative
ENCFF174AVU	bed narrowPeak	H1	ENCSR000BSI	testData	IDR thresholded peaks	E2F6	liberal
ENCFF545IZI	bed narrowPeak	H1	ENCSR000BSN	testData	conservative IDR thresholded peaks	CREB1	conservative
ENCFF978KGB	bed narrowPeak	H1	ENCSR000BSN	testData	IDR thresholded peaks	CREB1	liberal
ENCFF971AKN	bed narrowPeak	H1	ENCSR000BIU	testData	conservative IDR thresholded peaks	USF1	conservative
ENCFF978MNS	bed narrowPeak	H1	ENCSR000BIU	testData	IDR thresholded peaks	USF1	liberal
ENCFF424AQG	bed narrowPeak	H1	ENCSR000BQU	testData	conservative IDR thresholded peaks	ATF2	conservative
ENCFF352KLD	bed narrowPeak	H1	ENCSR000BQU	testData	IDR thresholded peaks	ATF2	liberal
